ID,logFC,AveExpr,t,P.Value,adj.P.Value,B,label
RSAD2,11.48169823,29971.96162,12.86494238,7.08948E-38,3.42909E-36,30,yes
IFNB1,10.33778954,1172.051824,15.53354929,2.05674E-54,1.39926E-52,30,yes
CXCL10,10.04195999,15871.46678,12.32581844,6.57723E-35,2.99243E-33,30,yes
CXCL11,10.03208214,13200.36678,8.867875276,7.45548E-19,2.11895E-17,30,yes
NEURL3,10.01617817,1875.045174,21.08952443,9.9254E-99,1.16536E-96,30,yes
MX2,9.105242642,27540.92682,63.65486936,0,0,30,yes
ENSSSCG00000032436,9.084418901,984.2181969,18.83028456,4.26463E-79,3.92967E-77,30,yes
VCAM1,8.97199228,1441.333306,23.10398969,4.2216E-118,6.1462E-116,30,yes
CCL2,8.966531794,4426.822227,22.83417355,2.0993E-115,2.9964E-113,30,yes
ASS1,8.602043522,527.413431,15.35259545,3.40295E-53,2.26226E-51,30,yes
ENPEP,8.384859125,608.3299611,17.0006649,8.11938E-65,6.42446E-63,30,yes
HMCN2,8.307719776,143.6387127,8.599829494,7.98346E-18,2.1807E-16,30,yes
DDX58,8.154065639,34128.10435,54.8958269,0,0,30,yes
TRIM5,7.659893183,9187.301945,53.80296752,0,0,30,yes
GNG11,7.643658477,304.1394144,13.93627874,3.81309E-44,2.0949E-42,30,yes
ENSSSCG00000033909,7.637317133,660.6984133,20.33648325,6.1162E-92,6.84968E-90,30,yes
UBA7,7.54356325,226.057271,12.37846667,3.41811E-35,1.56491E-33,30,yes
SERPING1,7.535968081,392.0902758,15.88033584,8.67129E-57,6.09881E-55,30,yes
HLA-DRA,7.46748783,374.2338322,15.99145459,1.46568E-57,1.03587E-55,30,yes
C1R,7.397064971,1429.493828,28.53866271,3.8838E-179,8.4395E-177,30,yes
FBXO39,7.369732021,2179.797556,35.02304302,1.0034E-268,4.7126E-266,30,yes
IZUMO1R,7.367316743,348.9080437,15.55809103,1.40219E-54,9.62947E-53,30,yes
SLC2A6,7.345188441,1037.028287,25.21203379,2.9562E-140,5.5179E-138,30,yes
ENSSSCG00000030801,7.279507014,567.3489539,19.91968102,2.74735E-88,2.94108E-86,30,yes
IRF8,7.214525467,90.23946814,8.305906899,9.90599E-17,2.58925E-15,30,yes
USP18,7.182277677,2221.124704,35.65787351,1.7792E-278,8.932E-276,30,yes
IL29,7.158048978,130.4839383,10.03235195,1.09868E-23,3.74606E-22,30,yes
IFIT2,6.819362058,53811.78192,54.29880312,0,0,30,yes
IFI6,6.795514261,5498.870367,47.07527245,0,0,30,yes
TNFSF13B,6.794525602,1500.775614,30.98535719,8.4903E-211,2.3771E-208,30,yes
CSF1,6.768045151,2258.677386,31.92633967,1.1511E-223,4.5293E-221,30,yes
ENSSSCG00000006932,6.613736218,74.41231481,8.213047148,2.15645E-16,5.54695E-15,30,yes
CCL5,6.588918046,10618.9554,53.42698361,0,0,30,yes
IFIT1,6.574645539,82499.74224,51.18640931,0,0,30,yes
DHX58,6.56986246,2487.358679,38.25237448,0,0,30,yes
RND1,6.558460039,2064.531222,33.87365634,1.6279E-251,6.9706E-249,30,yes
PDGFRL,6.467309885,841.0895765,25.32947948,1.5127E-141,2.8602E-139,30,yes
CD74,6.378877623,1920.190429,31.81222,4.3868E-222,1.5577E-219,30,yes
SLA-DQB1,6.249939342,243.3871669,15.19816358,3.63674E-52,2.38501E-50,30,yes
SCARB2,6.050710329,791.7386136,26.02026918,2.9207E-149,5.6697E-147,30,yes
MX1,5.981635496,10664.13132,45.24277791,0,0,30,yes
ZBP1,5.966373944,1370.159351,31.84583917,1.503E-222,5.6109E-220,30,yes
ENSSSCG00000024973,5.907274886,17438.21809,49.45113778,0,0,30,yes
IL4I1,5.802235778,388.5198413,18.45463723,4.78568E-76,4.27452E-74,30,yes
ARHGEF6,5.709561608,278.5711034,16.1150999,1.99841E-58,1.41926E-56,30,yes
IDO1,5.669190245,11977.25738,42.65572812,0,0,30,yes
CCL20,5.634116788,167.2665409,13.25364688,4.29799E-40,2.18792E-38,30,yes
ENSSSCG00000037735,5.631433228,3050.535122,39.14171638,0,0,30,yes
ENSSSCG00000001456,5.60704201,403.8855302,19.78054003,4.37975E-87,4.65436E-85,30,yes
PLAC8,5.605711568,119.1884504,11.41113952,3.67878E-30,1.50871E-28,30,yes
LMO2,5.569964282,576.8412007,23.45029034,1.3129E-121,1.9911E-119,30,yes
TLR2,5.548042636,199.6435118,14.54929187,5.90107E-48,3.55015E-46,30,yes
CLDN16,5.524322534,191.3398344,14.39369818,5.66821E-47,3.3142E-45,30,yes
EPSTI1,5.511391089,1194.443543,30.80516418,2.2347E-208,5.9154E-206,30,yes
SLC34A1,-5.465393005,97.26519572,-9.705969759,2.84359E-22,9.30334E-21,30,yes
INHBA,5.429052716,1638.121724,31.09182112,3.1068E-212,9.2311E-210,30,yes
OAS2,5.393065167,13848.80756,44.90831711,0,0,30,yes
COLCA2,-5.360706894,83.05621054,-9.130251515,6.83403E-20,2.03054E-18,30,yes
POF1B,-5.351749601,127.591225,-10.76037784,5.29526E-27,2.00765E-25,30,yes
NCOA7,5.298388519,1519.543994,30.94702794,2.7857E-210,7.6522E-208,30,yes
ISG12(A),5.24877107,2922.275496,37.02153128,5.1584E-300,2.8885E-297,30,yes
HERC5,5.207742197,7768.625217,46.70809096,0,0,30,yes
GUCA1A,5.163314315,369.8331545,19.36332819,1.57381E-83,1.55872E-81,30,yes
SULT1C4,5.161965603,149.215442,12.94863719,2.39162E-38,1.18434E-36,30,yes
BCL2L14,5.151477769,219.790261,15.53989789,1.8628E-54,1.27326E-52,30,yes
ISG15,5.144749365,19240.97231,43.90436884,0,0,30,yes
PARP11,5.137591945,366.1569595,19.41523435,5.73737E-84,5.72126E-82,30,yes
PLEKHS1,5.133294808,87.41225916,10.06265901,8.07864E-24,2.77398E-22,30,yes
STAT4,5.113504117,198.2774026,14.5512474,5.73477E-48,3.46442E-46,30,yes
GPR158,-5.09828146,82.46334026,-9.104825953,8.64049E-20,2.55685E-18,30,yes
IRAK2,5.088333163,615.8002927,23.59194188,4.6628E-123,7.1459E-121,30,yes
LGALS3BP,5.087855171,3925.990265,31.8172036,3.743E-222,1.3624E-219,30,yes
SLA-DMA,5.066485109,109.0313405,11.01624397,3.19098E-28,1.24218E-26,30,yes
NUPR1,5.017712041,7338.703118,41.09746015,0,0,30,yes
CHST11,5.012010931,69.18562777,8.976221147,2.80226E-19,8.06286E-18,30,yes
FBN1,4.997976161,148.0666252,12.91469062,3.71936E-38,1.81712E-36,30,yes
ASB9,4.996743127,575.1270061,22.29139839,4.4779E-110,5.9266E-108,30,yes
NKX3-1,4.99050595,236.4967603,15.79198656,3.53277E-56,2.46093E-54,30,yes
IFI44,4.983872449,5006.881098,37.94496482,0,0,30,yes
HES4,4.952063498,11318.40881,40.31071643,0,0,30,yes
SLA-DMB,4.918743461,706.373909,24.79185266,1.0976E-135,1.9727E-133,30,yes
ENSSSCG00000036618,4.906525608,1643.300254,30.93965479,3.5004E-210,9.4375E-208,30,yes
ENSSSCG00000004366,4.878730533,196.0957163,14.41635228,4.08362E-47,2.39731E-45,30,yes
FOXS1,4.864610303,2234.583721,31.5482237,1.8965E-218,6.2754E-216,30,yes
S100A14,4.798722961,479.1273348,21.42063662,8.5808E-102,1.0157E-99,30,yes
JCAD,4.74393368,82.3981734,9.621493754,6.4882E-22,2.08065E-20,30,yes
ERAP2,4.739994534,1489.935214,28.69162865,4.8526E-181,1.0704E-178,30,yes
SOAT2,-4.705654603,145.6361051,-11.98612937,4.2008E-33,1.83112E-31,30,yes
GMPR,4.699227346,663.2025171,23.30167095,4.2637E-120,6.2702E-118,30,yes
FAM212A,4.67413313,277.5435298,16.3357506,5.49518E-60,4.00022E-58,30,yes
UBE2L6,4.670199929,4428.912529,35.03724497,6.0989E-269,2.9598E-266,30,yes
C3,4.660553504,1284.285437,24.78703578,1.237E-135,2.1963E-133,30,yes
HCN1,4.633576647,141.9587186,12.36237675,4.17624E-35,1.90601E-33,30,yes
ZBTB32,4.631967573,69.567965,8.953906673,3.43119E-19,9.853E-18,30,yes
IFIH1,4.629949876,9568.649446,42.32683863,0,0,30,yes
PPP1R1B,4.605867318,915.1240436,23.75269608,1.0305E-124,1.596E-122,30,yes
CD274,4.590493229,1858.96139,30.37308668,1.2455E-202,3.1813E-200,30,yes
FCRLB,4.589110305,1076.459773,27.7117309,5.0426E-169,1.034E-166,30,yes
RNF213,4.581491202,27756.9027,24.95622925,1.8275E-137,3.3679E-135,30,yes
SAMHD1,4.566180792,7426.676924,39.95373172,0,0,30,yes
IFI44L,4.524268633,6259.286487,36.27063266,4.6999E-288,2.5343E-285,30,yes
TNFAIP3,4.509362816,5012.940589,31.52304838,4.1986E-218,1.3492E-215,30,yes
CHAC1,4.489547122,4228.773524,26.07788158,6.4978E-150,1.2784E-147,30,yes
GOLGA7B,4.475425108,1462.20777,28.94757463,3.0106E-184,6.9574E-182,30,yes
TAP1,4.471031626,5610.718687,35.88423632,5.3813E-282,2.7981E-279,30,yes
HERC6,4.461979867,8241.007078,39.53988543,0,0,30,yes
PSMB9,4.461907772,572.927248,22.00786439,2.4213E-107,3.039E-105,30,yes
ICAM1,4.430881149,11332.68933,33.13715621,8.6719E-241,3.6073E-238,30,yes
PTGIR,4.426701459,77.67889709,9.343816162,9.29231E-21,2.84814E-19,30,yes
EDN1,4.424195483,1385.913979,24.85016814,2.5751E-136,4.6863E-134,30,yes
GPX2,-4.405215058,79.66166055,-8.936134348,4.03022E-19,1.15277E-17,30,yes
PARP12,4.400308799,2883.817341,33.03996093,2.1682E-239,8.7686E-237,30,yes
ZNFX1,4.399765788,37786.0539,42.61984221,0,0,30,yes
PREX1,4.397220468,122.4689884,10.90142291,1.13469E-27,4.38194E-26,30,yes
ESM1,4.36837429,1550.394286,25.61885184,9.4066E-145,1.802E-142,30,yes
NLRC5,4.352189035,2697.854988,30.50100193,2.5274E-204,6.5707E-202,30,yes
MMP3,4.287434776,221.7156507,14.13003335,2.48027E-45,1.40507E-43,30,yes
SLC25A47,4.276506782,90.898259,9.49608818,2.17923E-21,6.85258E-20,30,yes
CASP4,4.266039486,7374.717418,34.71055328,5.4605E-264,2.4844E-261,30,yes
ADGRF4,-4.258528308,105.010336,-9.988795931,1.70642E-23,5.76421E-22,30,yes
TMEM140,4.234642937,378.0645729,17.97685455,2.95805E-72,2.57882E-70,30,yes
STX11,4.230274463,2312.835797,31.18979501,1.4653E-213,4.4444E-211,30,yes
CD83,4.222939009,228.6566342,14.86789792,5.32595E-50,3.38605E-48,30,yes
VWA5A,4.206090045,1814.280409,24.73848136,4.1246E-135,7.1489E-133,30,yes
SLC7A2,4.194338781,2705.287732,29.90654706,1.6176E-196,3.9915E-194,30,yes
RGS14,-4.183923807,567.5644356,-19.42863344,4.41973E-84,4.43771E-82,30,yes
SEMA3A,4.170145333,800.169626,22.78267711,6.81E-115,9.6259E-113,30,yes
CXCL8,4.153719278,9767.235793,27.74225345,2.1609E-169,4.4944E-167,30,yes
SLC2A2,-4.152746228,372.6068447,-16.42223583,1.3259E-60,9.70037E-59,30,yes
TRANK1,4.137939835,6542.723665,30.06764415,1.2839E-198,3.2228E-196,30,yes
RPL17,-4.12935083,143.2778878,-11.09992527,1.25549E-28,4.94018E-27,30,yes
IL6,4.07245212,3141.959049,31.08801154,3.4979E-212,1.0185E-209,30,yes
CSDC2,-4.062118369,186.7835654,-12.940248,2.66767E-38,1.31656E-36,30,yes
TNFSF15,4.054337484,19426.56665,31.07979039,4.5176E-212,1.2896E-209,30,yes
HSH2D,4.05024066,243.5086074,14.73102833,4.07458E-49,2.53512E-47,30,yes
IRF1,4.035192517,5665.56323,31.61298698,2.4481E-219,8.2888E-217,30,yes
PLA1A,4.026146521,583.8111253,20.97962863,1.00677E-97,1.15413E-95,30,yes
STAT2,3.995257154,3935.323943,31.78357459,1.0917E-221,3.7844E-219,30,yes
CYP7A1,-3.993617637,128.8707176,-10.18896375,2.22119E-24,7.77364E-23,30,yes
PRKG2,-3.990663582,93.64584439,-9.158650387,5.25504E-20,1.56779E-18,30,yes
IL20,3.987388052,90.71882292,9.639398684,5.45063E-22,1.75178E-20,30,yes
NCCRP1,3.985186622,468.7057297,16.6038227,6.53905E-62,5.01064E-60,30,yes
ETV7,3.978412842,922.9890652,23.39873172,4.4025E-121,6.6079E-119,30,yes
RCSD1,3.970102511,273.4085562,14.93775431,1.87177E-50,1.2058E-48,30,yes
PRDM1,3.927282505,760.5210832,19.66529874,4.27641E-86,4.44716E-84,30,yes
ENSSSCG00000026454,3.922240268,8828.486942,28.30671471,2.8571E-176,6.0284E-174,30,yes
GABRP,3.90999495,5846.467051,31.92106544,1.3624E-223,5.2197E-221,30,yes
BATF2,3.896078754,2797.572713,24.62529263,6.7712E-134,1.1598E-131,30,yes
LAX1,3.867464284,191.4836291,12.44323982,1.52203E-35,6.99028E-34,30,yes
MYO1G,3.866055058,83.86731896,8.839077197,9.65124E-19,2.72311E-17,30,yes
CRYBG2,-3.808123059,161.2765331,-11.57136295,5.75609E-31,2.40813E-29,30,yes
IL19,3.799274323,925.5125704,17.86449003,2.2296E-71,1.90946E-69,30,yes
C1orf115,3.79629222,1033.043958,21.64237664,7.171E-104,8.7002E-102,30,yes
AQP3,-3.796210952,93.09038198,-8.978259696,2.75083E-19,7.93057E-18,30,yes
CLMP,3.776465608,331.5435014,16.24698677,2.34616E-59,1.69939E-57,30,yes
MAMDC2,3.76851491,1693.741499,22.93351929,2.1521E-116,3.1022E-114,30,yes
RGS4,3.743048929,345.3953929,14.54859435,5.96155E-48,3.57178E-46,30,yes
SHAS2,3.740030542,108.934972,9.578489573,9.84745E-22,3.13033E-20,30,yes
RHEBL1,3.729881627,98.80611177,9.66867144,4.09661E-22,1.33131E-20,30,yes
SNRK,3.727688465,7225.767612,28.79273046,2.6451E-182,6.0172E-180,30,yes
PCDH18,3.697393029,168.811163,11.27086315,1.82769E-29,7.41208E-28,30,yes
PARP14,3.697218535,14319.87152,29.7627667,1.1855E-194,2.8767E-192,30,yes
DCHS1,-3.687696574,298.2025523,-14.25499711,4.1732E-46,2.41101E-44,30,yes
CXCL2,3.685817824,1666.223235,26.08685901,5.1396E-150,1.025E-147,30,yes
ENSSSCG00000023710,-3.684612234,134.8322654,-10.30864687,6.44017E-25,2.28689E-23,30,yes
RNF19B,3.681951241,3534.401413,24.20652648,1.8991E-129,3.0722E-127,30,yes
NUAK2,3.674386875,1012.311536,20.80917808,3.5742E-96,4.06537E-94,30,yes
WARS,3.669568151,9301.013646,29.62206864,7.7679E-193,1.854E-190,30,yes
TLR10,-3.6670346,273.0876658,-14.06856267,5.92616E-45,3.33124E-43,30,yes
KCNN2,3.655789372,666.1712773,16.53967432,1.90047E-61,1.44864E-59,30,yes
IGFBP4,3.645362674,583.0835922,19.20718163,3.22295E-82,3.12819E-80,30,yes
ADAMTS4,3.644308209,180.6246964,11.62090672,3.22693E-31,1.35783E-29,30,yes
NFKBIA,3.635415194,7688.087918,31.52256626,4.2629E-218,1.3492E-215,30,yes
CIITA,3.63500238,909.726678,19.03283248,9.1188E-81,8.67716E-79,30,yes
TIMP4,-3.627422323,425.9738425,-16.19545788,5.42921E-59,3.89379E-57,30,yes
SESN2,3.625490666,1340.392553,17.04223217,3.992E-65,3.22132E-63,30,yes
PNCK,-3.60816824,139.5360841,-10.56998639,4.10554E-26,1.50561E-24,30,yes
DLL4,3.580706613,707.4352496,18.9012283,1.11428E-79,1.03992E-77,30,yes
PHLDA1,3.569913567,1789.251495,18.75445158,1.78045E-78,1.61003E-76,30,yes
NMI,3.555774546,2127.545606,24.77841,1.5323E-135,2.6879E-133,30,yes
BMP7,-3.547453873,68.68793972,-7.267855893,3.65238E-13,8.28271E-12,30,yes
PLBD1,-3.530975012,168.5380913,-10.95836054,6.0587E-28,2.35223E-26,30,yes
HS3ST1,3.529241056,1146.139864,21.75515464,6.1738E-105,7.6173E-103,30,yes
TIGAR,3.528182524,981.3686754,20.63710543,1.27471E-94,1.43865E-92,30,yes
ENSSSCG00000025593,3.521186365,1779.484432,22.71193542,3.4147E-114,4.7347E-112,30,yes
CD80,3.501575311,446.7813375,15.18275395,4.60053E-52,3.00355E-50,30,yes
KCNJ16,-3.499547708,300.747624,-14.17623263,1.28566E-45,7.34034E-44,30,yes
FGD2,-3.478319461,98.91901836,-8.664221284,4.5461E-18,1.25353E-16,30,yes
IFIT5,3.473653037,16901.22522,24.51731962,9.6553E-133,1.6346E-130,30,yes
SRPX2,3.470655025,80.84473861,8.262826931,1.42262E-16,3.69198E-15,30,yes
NRP2,3.461107503,2640.654365,18.93216804,6.19591E-80,5.85755E-78,30,yes
SFXN3,-3.453936567,98.98234201,-8.741216332,2.30614E-18,6.40746E-17,30,yes
STAT1,3.42968947,20321.43715,27.20191215,6.1653E-163,1.2467E-160,30,yes
TMEM106A,3.399008304,355.3153513,14.06035462,6.65519E-45,3.72665E-43,30,yes
WNT9A,3.396553431,315.2812024,12.77423628,2.28378E-37,1.08305E-35,30,yes
PTHLH,3.395585421,790.7278816,17.9796055,2.81488E-72,2.46879E-70,30,yes
TRIM26,3.361661154,467.7708932,15.26054279,1.40078E-52,9.27E-51,30,yes
JAK3,-3.359936971,339.8021451,-13.53755565,9.38605E-42,5.00555E-40,30,yes
TDRD7,3.353149095,2721.450976,24.49750953,1.5702E-132,2.6277E-130,30,yes
GM2A,3.352153741,4340.773721,24.00850159,2.2667E-127,3.587E-125,30,yes
ABL2,3.350769827,10307.83368,23.3758739,7.5213E-121,1.1174E-118,30,yes
PRR15,-3.328380849,164.4483044,-10.63479384,2.05282E-26,7.54723E-25,30,yes
FAM198B,-3.319718388,157.2192637,-10.12941737,4.0908E-24,1.42143E-22,30,yes
TRIM21,3.313780187,2036.129548,24.13236087,1.1439E-128,1.8301E-126,30,yes
REC8,3.312091041,109.4255415,8.788738713,1.51248E-18,4.23466E-17,30,yes
BCAS1,-3.311845704,318.1239806,-13.78901407,2.96788E-43,1.61229E-41,30,yes
PLEKHA4,3.311633826,1508.52259,19.11887625,1.75856E-81,1.6844E-79,30,yes
COL14A1,-3.304705015,296.2552808,-12.91980032,3.48043E-38,1.70612E-36,30,yes
ERRFI1,3.28987497,2989.757154,17.84008142,3.45193E-71,2.93898E-69,30,yes
PRELID2,-3.288398269,1488.111212,-21.59037239,2.2122E-103,2.6618E-101,30,yes
AADAC,-3.287162872,102.6681984,-7.50325834,6.22507E-14,1.46652E-12,30,yes
CD40,3.25358182,2024.433827,22.48507106,5.8107E-112,7.8332E-110,30,yes
BIRC3,3.232080961,40375.33057,24.37513651,3.1392E-131,5.1936E-129,30,yes
THSD7A,3.230149595,78.34991532,7.605370262,2.84089E-14,6.79156E-13,30,yes
CYP24A1,-3.228975639,133.0770052,-9.265234665,1.94649E-20,5.91627E-19,30,yes
CD86,3.228084332,1691.364565,21.00518838,5.87999E-98,6.79419E-96,30,yes
CTGF,3.222330583,5528.769304,17.22518953,1.71864E-66,1.39786E-64,30,yes
ATG4A,3.220792343,122.4995037,9.423988053,4.34273E-21,1.35098E-19,30,yes
TEC,3.219927094,1294.785803,20.19720727,1.03593E-90,1.13399E-88,30,yes
SPTSSB,-3.216467731,130.6486704,-8.780520143,1.6272E-18,4.54711E-17,30,yes
CYP26B1,3.208234607,195.6693845,10.15415345,3.17554E-24,1.10605E-22,30,yes
SH2B3,3.202224881,1131.939547,17.28677159,5.9175E-67,4.89505E-65,30,yes
ENSSSCG00000004781,3.188606704,2242.35352,17.00254065,7.86367E-65,6.25613E-63,30,yes
SHH,-3.167168183,128.7863756,-9.183773198,4.16245E-20,1.24951E-18,30,yes
PAQR7,3.163724593,2020.827283,22.06627323,6.6665E-108,8.6659E-106,30,yes
EFNA4,-3.162322366,254.9554668,-11.08255791,1.52454E-28,5.9666E-27,30,yes
SEMA7A,3.150250977,2373.287795,22.03734105,1.2634E-107,1.6135E-105,30,yes
DLX1,3.125665176,410.4352052,13.82360377,1.83641E-43,1.00136E-41,30,yes
PML,3.117391137,1718.557515,14.02929789,1.03168E-44,5.73291E-43,30,yes
GREM1,3.116786292,13229.94639,24.2952841,2.1987E-130,3.5968E-128,30,yes
LRRC4C,3.116116589,79.94274358,7.428333551,1.09974E-13,2.55362E-12,30,yes
MMP15,-3.094362629,957.9388354,-16.76250091,4.58908E-63,3.57285E-61,30,yes
NEBL,-3.093852643,213.646194,-10.82041124,2.75538E-27,1.05567E-25,30,yes
MFSD14B,3.086473079,3516.261111,18.38870315,1.61804E-75,1.43641E-73,30,yes
DUSP6,3.050946947,4510.078387,23.8763002,5.4002E-126,8.454E-124,30,yes
ADAR,3.040154869,6080.107957,22.10645086,2.7399E-108,3.5937E-106,30,yes
TCEA3,-3.032692875,144.9095183,-9.258225685,2.07857E-20,6.29147E-19,30,yes
FCHO1,-3.032245237,272.1256389,-11.53572552,8.71493E-31,3.61483E-29,30,yes
MOV10,3.018599586,4541.960308,19.66110548,4.64495E-86,4.79615E-84,30,yes
DAXX,3.015403101,1973.062945,20.23086939,5.23714E-91,5.82042E-89,30,yes
SLC25A28,3.012436639,3159.836571,22.73460351,2.0381E-114,2.8531E-112,30,yes
DNAJC12,-3.011338478,182.9411189,-9.439907348,3.73109E-21,1.16319E-19,30,yes
FAS,2.997836405,507.8493396,14.5424238,6.52411E-48,3.89281E-46,30,yes
GJB1,-2.994633616,88.93200332,-6.962045112,3.35368E-12,7.32028E-11,30,yes
TCIRG1,2.990863893,1787.949265,17.44572713,3.70967E-68,3.10397E-66,30,yes
CYR61,2.987389408,3374.954283,14.84860797,7.10283E-50,4.47662E-48,30,yes
SLC2A12,2.982839082,2435.16327,19.52520726,6.70444E-85,6.82587E-83,30,yes
CREM,2.956161407,762.7544481,14.20331557,8.73785E-46,5.00844E-44,30,yes
NRG1,2.953926981,317.4861573,11.90983931,1.0518E-32,4.55171E-31,30,yes
PPP1R3B,-2.944174056,307.7618355,-11.72017611,1.00463E-31,4.27672E-30,30,yes
PI15,-2.936851117,351.424582,-11.5502058,7.36439E-31,3.06337E-29,30,yes
ZC3H12C,2.933990368,9403.166388,19.62080195,1.0272E-85,1.05317E-83,30,yes
CNP,2.9331274,5357.765565,18.81610939,5.57296E-79,5.10294E-77,30,yes
ABCD4,2.932896348,269.6801119,9.852082682,6.71381E-23,2.24189E-21,30,yes
OLR1,2.914987909,590.5669971,15.08536341,2.02158E-51,1.31394E-49,30,yes
TNIP1,2.914521007,4375.621247,21.78043288,3.557E-105,4.4261E-103,30,yes
ENSSSCG00000003839,2.911042139,6345.817449,22.55092834,1.315E-112,1.7892E-110,30,yes
TFPI2,2.910510818,1006.514387,17.04178029,4.02297E-65,3.22132E-63,30,yes
ENSSSCG00000018050,-2.908967249,119.1669685,-7.608678774,2.76912E-14,6.63086E-13,30,yes
PPM1K,2.906320194,1350.642724,17.65417851,9.44986E-70,7.99887E-68,30,yes
ATF3,2.905820042,8524.401991,21.43911942,5.7695E-102,6.8851E-100,30,yes
EIF2AK2,2.905279588,11445.30273,22.03935017,1.2086E-107,1.5572E-105,30,yes
FAT2,-2.89128241,1176.816886,-16.63327553,4.0011E-62,3.08212E-60,30,yes
TRIM56,2.887705448,2712.81793,20.04264515,2.33996E-89,2.52352E-87,30,yes
FILIP1L,2.877339943,6059.420725,18.90668142,1.00485E-79,9.43844E-78,30,yes
DTX3L,2.875833783,6025.939774,20.21771221,6.83815E-91,7.54217E-89,30,yes
MFAP3L,-2.870640096,203.0808194,-9.035203945,1.63697E-19,4.77608E-18,30,yes
PACSIN3,-2.864174282,279.6824075,-11.15862844,6.49864E-29,2.57803E-27,30,yes
SLC2A5,-2.860780672,131.3801058,-8.361566916,6.18907E-17,1.63237E-15,30,yes
GDAP1,2.856759436,478.8423529,12.68197674,7.44308E-37,3.50692E-35,30,yes
SELENOP,-2.849578631,2662.655715,-15.36039984,3.01708E-53,2.01494E-51,30,yes
MAP2K6,-2.848647426,101.3041493,-7.30468797,2.77911E-13,6.3488E-12,30,yes
MSI2,-2.845721883,1888.756849,-17.04172284,4.02692E-65,3.22132E-63,30,yes
ENSSSCG00000000021,2.834650687,175.2390478,9.238531977,2.49902E-20,7.54839E-19,30,yes
SEMA6D,2.825496656,263.9772729,11.1145939,1.06534E-28,4.20334E-27,30,yes
TMEM243,2.824798416,4298.367999,21.05452984,2.07835E-98,2.4207E-96,30,yes
CLDN2,-2.818834968,164.6805592,-8.580405704,9.45391E-18,2.57752E-16,30,yes
SNAI1,2.813938503,255.7601851,10.07745455,6.95033E-24,2.3922E-22,30,yes
AKAP7,2.80699464,1017.94042,16.20139804,4.92936E-59,3.5528E-57,30,yes
ETV3,2.803193778,6312.607814,18.47197493,3.47149E-76,3.11984E-74,30,yes
TSPAN5,2.791225397,729.061105,13.9271642,4.33217E-44,2.37113E-42,30,yes
EPB41L2,2.788181421,916.5251881,12.77815652,2.17156E-37,1.03319E-35,30,yes
TLX3,2.782784718,166.633705,8.631407338,6.06016E-18,1.66158E-16,30,yes
KRT14,-2.778111047,6167.411006,-18.84034877,3.52634E-79,3.27007E-77,30,yes
CCDC24,2.776441364,117.5748552,6.914248762,4.70349E-12,1.02206E-10,30,yes
DAGLA,-2.775987964,138.9234209,-7.866523018,3.64634E-15,9.0284E-14,30,yes
FGFBP1,-2.775165761,373.1572264,-11.99869702,3.60934E-33,1.57803E-31,30,yes
PDE12,2.768562485,2679.080066,17.96893542,3.412E-72,2.95686E-70,30,yes
SLC15A3,2.765720453,332.5847346,11.46563511,1.96314E-30,8.07383E-29,30,yes
CFAP74,-2.764218033,185.3689495,-8.913679931,4.93662E-19,1.40926E-17,30,yes
SETX,2.761958873,8951.55582,21.72567872,1.1734E-104,1.4356E-102,30,yes
TAGAP,2.760548693,132.8589822,8.067655362,7.1661E-16,1.81816E-14,30,yes
PHF11,2.756607152,1611.134023,13.38917526,6.99532E-41,3.65035E-39,30,yes
GFRA1,-2.749095228,973.6853701,-15.78530637,3.92738E-56,2.72279E-54,30,yes
NKD2,-2.746728439,127.9823033,-7.073991339,1.5054E-12,3.33593E-11,30,yes
ERC2,2.74055982,402.7826875,12.26027907,1.47989E-34,6.64993E-33,30,yes
ENSSSCG00000006350,2.725786941,211.7808095,9.057438917,1.33549E-19,3.91216E-18,30,yes
ETFRF1,2.720912685,328.7833991,10.88973419,1.29016E-27,4.96917E-26,30,yes
TRIB3,2.715674672,2449.173166,14.69690295,6.74759E-49,4.18035E-47,30,yes
KCNJ5,2.714499699,13461.17653,19.707109,1.8737E-86,1.96253E-84,30,yes
PTGS1,2.714396598,933.52823,13.37220575,8.78952E-41,4.55397E-39,30,yes
CACNA2D3,-2.71374826,120.2110685,-7.463697027,8.41279E-14,1.96285E-12,30,yes
CCR7,2.703145242,369.257998,10.90697012,1.06755E-27,4.13365E-26,30,yes
CEP85,-2.702189116,881.5516289,-13.66908737,1.55331E-42,8.31421E-41,30,yes
CCDC126,2.70000581,3216.783442,14.46816327,1.92545E-47,1.13954E-45,30,yes
ABCA1,2.698218505,2523.308857,18.26168555,1.67054E-74,1.47402E-72,30,yes
ZNF658,2.695746245,597.9964749,12.49314078,8.13765E-36,3.76114E-34,30,yes
INHBB,2.693287811,92.36041118,6.186553633,6.14938E-10,1.19531E-08,30,yes
SYTL1,-2.690216515,74.60970002,-5.63441024,1.75658E-08,3.14565E-07,30,yes
RAB27B,-2.685840844,128.6058393,-7.48736696,7.0269E-14,1.64742E-12,30,yes
RNF24,2.681338772,677.6979196,12.22943522,2.16438E-34,9.66603E-33,30,yes
MAB21L3,2.676489552,5755.838273,19.75286722,7.57903E-87,7.99587E-85,30,yes
ZBTB5,2.675649453,722.2462884,13.77883533,3.41741E-43,1.84959E-41,30,yes
PANX1,2.674955307,1389.835878,16.8026407,2.33417E-63,1.83693E-61,30,yes
LGALS8,2.673750128,4346.080283,19.20121502,3.61535E-82,3.48582E-80,30,yes
ATP10D,2.665258926,727.58851,13.51695939,1.24204E-41,6.57559E-40,30,yes
ANGPTL2,-2.660306076,134.461264,-7.674923948,1.65517E-14,4.00292E-13,30,yes
C8orf4,2.652732222,6508.348911,19.31368214,4.12116E-83,4.05406E-81,30,yes
SHROOM4,2.652098653,2412.064858,17.26872486,8.09105E-67,6.65523E-65,30,yes
DUSP9,-2.648992775,645.6290512,-13.32790224,1.59315E-40,8.22504E-39,30,yes
TREX1,2.645104005,858.3182741,14.65969846,1.1679E-48,7.14434E-47,30,yes
ENSSSCG00000038141,2.637024308,182.43769,8.777608205,1.66988E-18,4.65742E-17,30,yes
STK32B,-2.633966642,135.9086179,-6.929471094,4.22417E-12,9.20654E-11,30,yes
C19orf66,2.630195505,166.2265727,8.437753709,3.23494E-17,8.62592E-16,30,yes
MXD1,2.621782196,2328.760038,17.41312768,6.56001E-68,5.45755E-66,30,yes
FAT4,2.617617199,180.0857446,8.725495115,2.65019E-18,7.34934E-17,30,yes
ELK4,2.61595749,2780.496745,12.75458515,2.93935E-37,1.38942E-35,30,yes
CD99,2.614618714,1707.402292,13.51741141,1.23443E-41,6.55917E-40,30,yes
FAM149A,-2.614028987,1171.687144,-14.08897527,4.43957E-45,2.50526E-43,30,yes
ZFYVE19,2.609830027,770.4120586,13.03275004,7.96831E-39,4.00036E-37,30,yes
RHOBTB1,-2.60827264,526.6648169,-12.18034093,3.95625E-34,1.75607E-32,30,yes
ZCCHC2,2.607370403,1299.440489,15.38225787,2.15307E-53,1.44454E-51,30,yes
KLF15,2.606718451,71.91847666,5.658711118,1.52514E-08,2.73792E-07,30,yes
TAPBP,2.603669594,1059.491387,4.455544119,8.36807E-06,0.000117258,30,yes
ACKR3,-2.601397291,997.3538242,-13.29212999,2.57152E-40,1.31827E-38,30,yes
ENSSSCG00000032422,2.596126564,354.8703726,9.677111832,3.77222E-22,1.23138E-20,30,yes
IRS1,2.595736253,982.3621533,10.03474475,1.07236E-23,3.66492E-22,30,yes
EHF,2.593785309,1845.875635,16.15445656,1.05645E-58,7.53967E-57,30,yes
GNB4,2.587657977,1021.113684,13.49776934,1.61183E-41,8.50239E-40,30,yes
THBS1,2.580482234,9459.593352,16.48773573,4.49481E-61,3.39067E-59,30,yes
SALL2,-2.57649792,322.0564032,-9.651746575,4.83255E-22,1.56003E-20,30,yes
SP110,2.575913961,911.6444095,12.80751193,1.48831E-37,7.10434E-36,30,yes
TJP3,-2.568643789,866.9131297,-13.44765426,3.17795E-41,1.67031E-39,30,yes
SH3BGRL2,2.562046751,5540.914804,16.45162426,8.16489E-61,6.09603E-59,30,yes
LIPM,2.559382178,158.7922796,7.555159691,4.18346E-14,9.93589E-13,30,yes
TIMP3,2.556605064,8415.055671,14.96139565,1.31244E-50,8.49239E-49,30,yes
ITGA1,2.556110923,209.740385,9.069482054,1.19584E-19,3.52434E-18,30,yes
THNSL1,-2.555750502,700.6170029,-12.96096382,2.03672E-38,1.0155E-36,30,yes
IL7,2.55484185,217.6061145,8.434861534,3.31595E-17,8.82577E-16,30,yes
C2orf72,-2.548657285,120.6701119,-6.308612994,2.81547E-10,5.56935E-09,30,yes
MORC3,2.539611582,11964.22084,17.26627244,8.44223E-67,6.90508E-65,30,yes
PTPN12,2.534838738,6975.085863,12.47260906,1.0532E-35,4.8524E-34,30,yes
ZHX2,2.531672467,183.6790212,3.08291837,0.002049814,0.021563033,30,yes
DDX60,2.530461141,5682.239298,18.76413654,1.48389E-78,1.35025E-76,30,yes
ERP27,-2.525622215,157.9597987,-7.32921939,2.31497E-13,5.30766E-12,30,yes
PRICKLE2,2.523868711,11539.66764,19.25051998,1.39753E-82,1.36555E-80,30,yes
SGCB,-2.52186349,334.9730903,-9.719488553,2.49029E-22,8.18423E-21,30,yes
DSG1,-2.517456801,68.47681119,-5.159623388,2.47447E-07,4.03877E-06,30,yes
TBC1D22B,2.506208438,612.9307457,10.69593908,1.06337E-26,3.96964E-25,30,yes
PARP9,2.499043231,5513.135005,16.46345352,6.71571E-61,5.0399E-59,30,yes
MGAM,2.498848429,662.2706872,11.80412122,3.71653E-32,1.59144E-30,30,yes
BOK,-2.491720017,79.59141071,-5.415018,6.12825E-08,1.0472E-06,30,yes
SLC9A4,-2.490506497,257.251898,-8.997184386,2.3158E-19,6.70294E-18,30,yes
GPRC5A,2.481892198,1397.268151,9.744950049,1.93874E-22,6.41503E-21,30,yes
ENSSSCG00000031380,2.481454904,299.67328,7.135274845,9.6594E-13,2.16356E-11,30,yes
MLKL,2.476952382,357.7029981,10.00105233,1.50786E-23,5.11724E-22,30,yes
MYCL,-2.475297362,271.8517048,-9.130303311,6.83076E-20,2.03054E-18,30,yes
HAVCR2,2.473324873,68.88320329,5.354140899,8.59639E-08,1.4536E-06,30,yes
UNC93B1,2.471986733,2175.283426,13.37526858,8.43485E-41,4.38582E-39,30,yes
HSPB8,-2.471973225,503.6629655,-10.3266063,5.34171E-25,1.90613E-23,30,yes
RUBCN,2.470032368,1491.819285,14.86441811,5.61002E-50,3.55114E-48,30,yes
NEDD1,2.466636859,1613.416097,13.42462613,4.33768E-41,2.27166E-39,30,yes
IRF2,2.464318598,923.9382293,12.88227232,5.66429E-38,2.74888E-36,30,yes
IL1RAP,2.463822557,5475.513488,15.53240219,2.09387E-54,1.41789E-52,30,yes
GFAP,-2.461753448,314.0631893,-9.061306721,1.28897E-19,3.79113E-18,30,yes
ENSSSCG00000004367,2.460881483,128.300891,6.800666143,1.04136E-11,2.22632E-10,30,yes
SERTAD1,2.448889664,2476.492055,14.9338827,1.98371E-50,1.2667E-48,30,yes
DUSP10,2.446848005,2294.306052,14.93389127,1.98346E-50,1.2667E-48,30,yes
DNAJB4,2.446223684,2130.181394,12.8084276,1.47085E-37,7.04411E-36,30,yes
MFSD2A,2.445922127,408.2884154,9.662249829,4.36178E-22,1.41118E-20,30,yes
SLC25A38,2.44495297,937.6440945,12.31305686,7.70486E-35,3.49455E-33,30,yes
PDE7B,2.43525898,91.03838689,5.923013237,3.16095E-09,5.92282E-08,30,yes
GLIS3,2.434875601,1148.138513,12.81844522,1.29267E-37,6.2112E-36,30,yes
YPEL1,-2.430535139,156.6710124,-7.069269793,1.55751E-12,3.44617E-11,30,yes
CHMP7,2.429958254,3687.458528,16.44412162,9.24145E-61,6.82976E-59,30,yes
SORBS2,-2.427946071,3206.771037,-16.42553081,1.2558E-60,9.23394E-59,30,yes
SLC44A5,-2.424898719,458.7559688,-10.24589061,1.23482E-24,4.34246E-23,30,yes
ENSSSCG00000034621,2.424235208,144.0373821,6.674139014,2.48688E-11,5.20956E-10,30,yes
MBNL1,2.421667304,26744.41295,15.4300264,1.02828E-53,6.9309E-52,30,yes
ZNF697,2.41712118,567.4087885,10.65262128,1.69523E-26,6.26418E-25,30,yes
WT1,2.416718348,412.910267,9.996826767,1.57359E-23,5.32787E-22,30,yes
TANC2,2.413798767,392.9159297,8.614173926,7.04477E-18,1.92791E-16,30,yes
PLAUR,2.41211185,4858.571139,15.8372799,1.72106E-56,1.20466E-54,30,yes
TOR3A,2.412039359,4195.835546,14.52661679,8.21802E-48,4.88351E-46,30,yes
TRPM4,-2.408034511,233.310434,-8.324743853,8.45113E-17,2.21694E-15,30,yes
USP2,-2.403751792,288.0627829,-8.854065295,8.4388E-19,2.39028E-17,30,yes
ENSSSCG00000033787,2.403042603,285.2627722,8.475916495,2.33236E-17,6.27668E-16,30,yes
ORAI2,2.401775612,5081.832815,14.79457726,1.58779E-49,9.96405E-48,30,yes
PLXDC1,2.39898213,74.79534845,5.082889042,3.71737E-07,5.98024E-06,30,yes
DUSP4,2.398142728,9634.20176,17.56701405,4.40769E-69,3.70934E-67,30,yes
TTC3,-2.398124053,2372.974283,-14.04731124,8.00147E-45,4.46335E-43,30,yes
PIP4K2C,2.396047037,124.2704349,6.495661154,8.26695E-11,1.67864E-09,30,yes
NUB1,2.392055476,2815.877787,15.66740901,2.52672E-55,1.74343E-53,30,yes
ARL5B,2.390436798,3766.446019,13.76637976,4.06057E-43,2.18955E-41,30,yes
OLFML2A,-2.390249412,788.4256765,-11.31782904,1.07091E-29,4.35514E-28,30,yes
CISH,2.390121782,185.3401195,6.408022717,1.47419E-10,2.9563E-09,30,yes
FCHSD2,2.384166299,1126.872344,10.08094311,6.70791E-24,2.31423E-22,30,yes
DNMT3B,-2.381542582,175.5922572,-7.289545665,3.11002E-13,7.07481E-12,30,yes
KRT18,-2.380366981,4064.346842,-13.95057594,3.12075E-44,1.72102E-42,30,yes
FMO5,-2.375227892,628.2637848,-10.67268971,1.36614E-26,5.07387E-25,30,yes
TSPYL4,-2.373045629,185.5363165,-7.577581986,3.52055E-14,8.3751E-13,30,yes
NFKBIE,2.369621387,2088.976611,11.34321864,8.01416E-30,3.2683E-28,30,yes
FUNDC1,2.36678365,2747.963005,14.37626019,7.29304E-47,4.23025E-45,30,yes
ISG20,2.364962961,1824.758573,14.5935278,3.08807E-48,1.88114E-46,30,yes
SMCHD1,2.361254158,5212.692532,16.44437394,9.20305E-61,6.82976E-59,30,yes
FIG4,-2.356206092,266.9221567,-8.655690052,4.89938E-18,1.3484E-16,30,yes
TSC22D1,2.35548576,10355.85343,14.74978552,3.08644E-49,1.92856E-47,30,yes
FAM76A,2.354842872,2637.672303,14.46318745,2.06986E-47,1.22004E-45,30,yes
CLIC5,2.353171209,82.90826508,5.250936775,1.51328E-07,2.50932E-06,30,yes
TMEM47,2.350949587,2460.428919,11.94976314,6.51105E-33,2.82968E-31,30,yes
DDIT3,2.349988867,498.739359,9.666016433,4.20425E-22,1.36325E-20,30,yes
ARID5A,2.348615427,558.1396456,11.19122306,4.50181E-29,1.79567E-27,30,yes
PPP4R4,2.341165125,366.3841299,9.231223671,2.67558E-20,8.06495E-19,30,yes
PLS1,-2.34089172,2497.04098,-11.19996042,4.07916E-29,1.63155E-27,30,yes
NXPE3,2.336932398,2769.274354,12.9712692,1.78057E-38,8.90837E-37,30,yes
PLCXD2,-2.335156111,274.9171988,-8.465767018,2.54472E-17,6.82295E-16,30,yes
CEP152,2.334166078,1198.140887,13.29279267,2.54885E-40,1.31126E-38,30,yes
MYL9,2.332429387,136.8734527,4.833767491,1.33973E-06,2.05534E-05,30,yes
SH3BP5,-2.33214208,369.9953672,-9.372915592,7.0556E-21,2.18559E-19,30,yes
KCNK5,2.331809118,4271.607974,13.12051615,2.51218E-39,1.26557E-37,30,yes
HRH1,2.328283911,479.8956608,10.48042277,1.06268E-25,3.84863E-24,30,yes
REL,2.32232216,1413.965497,11.09515375,1.32432E-28,5.19698E-27,30,yes
ATP2B4,2.32218278,5500.8966,8.893514331,5.9206E-19,1.68685E-17,30,yes
TIAM1,2.321773244,278.3223269,8.343543921,7.20966E-17,1.89468E-15,30,yes
PLEKHM1,2.318487203,713.6783065,4.269803368,1.95645E-05,0.000261802,30,yes
CFLAR,2.307305865,4404.805712,14.2325538,5.75414E-46,3.31125E-44,30,yes
SMTNL2,-2.307040242,75.94409278,-4.877649669,1.07357E-06,1.66102E-05,30,yes
B3GNT7,2.305973657,108.8883808,4.757403358,1.96099E-06,2.95549E-05,30,yes
CASP7,2.30564317,1032.380223,8.463412057,2.59666E-17,6.94941E-16,30,yes
PSMF1,2.304940163,2177.105866,11.66232159,1.98554E-31,8.37896E-30,30,yes
RND3,2.303715918,15455.75679,14.38983209,5.99413E-47,3.49074E-45,30,yes
MGP,-2.300691612,505.7771906,-9.372652682,7.07321E-21,2.18639E-19,30,yes
DTX3,2.299161387,1194.687425,12.93482571,2.86272E-38,1.40805E-36,30,yes
FOSL1,2.296076741,543.8903749,8.37331662,5.60188E-17,1.48018E-15,30,yes
CMTR1,2.292870229,688.2616902,10.63814794,1.98026E-26,7.2989E-25,30,yes
RBMS2,2.2924242,1894.285995,12.0073627,3.25046E-33,1.42541E-31,30,yes
CITED2,2.292114101,6313.587947,14.69502261,6.93753E-49,4.27981E-47,30,yes
TRIM38,2.28506611,1865.45531,12.59181812,2.34216E-36,1.09645E-34,30,yes
CPEB3,2.278400234,76.36518199,4.861873946,1.1628E-06,1.79334E-05,30,yes
ENSSSCG00000036125,2.277996678,114.9463225,5.495577184,3.89435E-08,6.76584E-07,30,yes
DSC1,-2.276968583,313.5581195,-8.214610786,2.12854E-16,5.49456E-15,30,yes
FZD3,-2.273279106,632.1677289,-10.32235292,5.58377E-25,1.98763E-23,30,yes
NAV3,2.272358564,2073.192148,12.54192401,4.40177E-36,2.04746E-34,30,yes
LYPD6,-2.270723428,95.121071,-5.26218004,1.42357E-07,2.36866E-06,30,yes
ENSSSCG00000035053,-2.266184272,78.91545775,-4.630661582,3.64499E-06,5.28034E-05,30,yes
ISM1,-2.266088606,278.9794312,-8.071269842,6.95708E-16,1.77387E-14,30,yes
ENSSSCG00000003197,2.265521479,451.7119317,7.157009184,8.24562E-13,1.85546E-11,30,yes
HNMT,-2.264225201,258.5483779,-7.535469373,4.86581E-14,1.15189E-12,30,yes
OSBPL3,-2.259943495,333.2215773,-8.070072546,7.02564E-16,1.78822E-14,30,yes
RMI1,2.254599351,833.5338257,10.25453136,1.12922E-24,3.98072E-23,30,yes
FLVCR1,2.254410915,3665.433433,13.67302557,1.47147E-42,7.90523E-41,30,yes
RHBDL3,-2.249771847,73.59434817,-4.660399021,3.15597E-06,4.61323E-05,30,yes
ASXL3,2.245610881,917.5465489,11.76930833,5.61833E-32,2.39875E-30,30,yes
SH3YL1,-2.244829501,614.957234,-10.26854916,9.76623E-25,3.45113E-23,30,yes
TMTC4,-2.240941103,932.8262057,-11.50674241,1.22E-30,5.04603E-29,30,yes
MTCL1,-2.240089202,921.7376314,-9.650519275,4.89074E-22,1.57532E-20,30,yes
RNASEL,2.2364611,9440.345931,12.83939305,9.86448E-38,4.75553E-36,30,yes
ARRDC3,2.234435157,20514.33468,12.29782697,9.30437E-35,4.19388E-33,30,yes
PLPPR4,-2.231247924,100.8439854,-5.068594442,4.00764E-07,6.41179E-06,30,yes
PSMB8,2.23062399,762.6170565,9.908468164,3.82465E-23,1.28302E-21,30,yes
IFI35,2.229246567,1161.792095,12.02077662,2.76362E-33,1.21557E-31,30,yes
ITSN1,2.225526968,901.5079161,10.77073549,4.73206E-27,1.7988E-25,30,yes
ENSSSCG00000027340,2.223782743,4445.741509,14.02709331,1.06425E-44,5.89141E-43,30,yes
JAG1,2.223732268,7660.427979,13.12124307,2.4882E-39,1.25784E-37,30,yes
INSIG1,-2.222076143,2577.565355,-12.95033219,2.3394E-38,1.16243E-36,30,yes
ENSSSCG00000031979,-2.22186674,1505.596385,-12.49619184,7.83138E-36,3.63112E-34,30,yes
TNFSF18,2.220965976,316.908822,7.698216807,1.37978E-14,3.34804E-13,30,yes
MEIOB,-2.218464008,83.32966316,-4.80890534,1.51759E-06,2.31843E-05,30,yes
ENSSSCG00000004507,2.213413699,316.7809293,8.064358063,7.36217E-16,1.8641E-14,30,yes
VPS37D,-2.213160653,351.0728687,-8.25069942,1.5747E-16,4.07937E-15,30,yes
ADGRF1,-2.21053329,3149.213683,-12.30889562,8.11257E-35,3.66804E-33,30,yes
GCNT3,2.207099693,114.0237242,5.343980072,9.09276E-08,1.53397E-06,30,yes
GPR68,-2.206204689,357.4025299,-8.510827371,1.72697E-17,4.6734E-16,30,yes
SERINC5,-2.202072559,338.4747253,-6.531933777,6.49259E-11,1.33322E-09,30,yes
ENSSSCG00000004963,-2.197066148,935.3610813,-10.79578584,3.60366E-27,1.37705E-25,30,yes
PLD1,-2.19683008,1402.406965,-11.14929196,7.21784E-29,2.85556E-27,30,yes
FXYD6,-2.196484389,432.8072572,-6.328546115,2.47482E-10,4.91554E-09,30,yes
PSMB10,2.1959408,1242.173867,11.84108386,2.3934E-32,1.02789E-30,30,yes
NES,-2.194561031,3127.160551,-12.14775299,5.89639E-34,2.60138E-32,30,yes
ENSSSCG00000008799,-2.19175438,606.1471392,-9.573985382,1.02862E-21,3.25559E-20,30,yes
AK1,-2.189270924,119.9065724,-5.497554903,3.85093E-08,6.70643E-07,30,yes
SLC44A2,-2.185453047,121.681314,-5.576723003,2.45092E-08,4.33045E-07,30,yes
EFCAB5,-2.175159421,291.3016981,-7.770571537,7.81328E-15,1.91504E-13,30,yes
C2CD3,2.174310392,1749.690391,9.060239658,1.30164E-19,3.82069E-18,30,yes
ETNK2,-2.173206856,90.00684644,-4.653807063,3.25862E-06,4.7585E-05,30,yes
RGCC,2.167642043,653.9521867,9.932594303,3.00338E-23,1.00984E-21,30,yes
SPATA20,-2.166469723,178.0712514,-6.276260263,3.46813E-10,6.82332E-09,30,yes
RIN3,2.166072212,84.85719132,4.308974186,1.64014E-05,0.000221304,30,yes
CASC1,2.165811509,233.8448833,7.17387757,7.29028E-13,1.64812E-11,30,yes
BAMBI,-2.162476776,135.92625,-4.789760142,1.66981E-06,2.53765E-05,30,yes
SLC25A25,2.162058601,726.8885311,10.12087644,4.464E-24,1.54741E-22,30,yes
PEAK1,2.159290821,606.4844482,9.167655606,4.83418E-20,1.44816E-18,30,yes
ENSSSCG00000039854,-2.156846267,3273.665736,-11.70304392,1.22962E-31,5.20409E-30,30,yes
HYKK,-2.154757116,139.451927,-5.258377403,1.45332E-07,2.41264E-06,30,yes
TMPRSS11E,2.153290808,145.0552006,5.491211193,3.99187E-08,6.92701E-07,30,yes
METTL24,-2.149290333,399.9361591,-7.96833687,1.60824E-15,4.03001E-14,30,yes
RGL1,2.145939674,67.79509139,4.082320645,4.45882E-05,0.000576619,30,yes
ACSS2,-2.145604032,502.8703564,-9.03769639,1.60008E-19,4.67783E-18,30,yes
SOAT1,2.139851621,1369.206923,10.50285186,8.38091E-26,3.05044E-24,30,yes
COL6A3,2.138273603,355.0838922,8.045187179,8.61137E-16,2.17284E-14,30,yes
LOX,-2.136903724,440.4403301,-7.687597773,1.49923E-14,3.63184E-13,30,yes
SEMA3E,-2.13672129,1367.944867,-9.669926004,4.04671E-22,1.31803E-20,30,yes
METRNL,-2.135859453,242.2006622,-5.856947332,4.71453E-09,8.76613E-08,30,yes
CPM,-2.135803458,713.044313,-8.156448741,3.45019E-16,8.85913E-15,30,yes
FIGN,2.133447374,207.3823172,6.493459741,8.38872E-11,1.70099E-09,30,yes
SPSB1,2.133365517,1150.42241,10.78058038,4.25194E-27,1.62053E-25,30,yes
ENSSSCG00000002379,-2.131333058,184.4499488,-6.073606822,1.25069E-09,2.39589E-08,30,yes
SGK1,2.128521145,7194.358772,13.25646542,4.13951E-40,2.11464E-38,30,yes
IL1R1,-2.128432743,719.6753273,-9.821275696,9.11823E-23,3.03781E-21,30,yes
RHBDD1,2.127967921,1264.739132,10.68891733,1.14702E-26,4.27097E-25,30,yes
PLK3,2.127813835,243.1447971,6.52708347,6.70627E-11,1.37323E-09,30,yes
ENSSSCG00000008314,-2.126846466,85.75385399,-4.592160254,4.38681E-06,6.31103E-05,30,yes
MMP13,2.125121646,9525.790861,12.25523318,1.57496E-34,7.05532E-33,30,yes
LHFPL2,-2.122909232,272.7766614,-6.747144044,1.50784E-11,3.19078E-10,30,yes
ZC3HAV1,2.120990842,3486.917821,13.20246284,8.49128E-40,4.30747E-38,30,yes
PPA1,2.118994514,881.0919643,10.75066155,5.88381E-27,2.21923E-25,30,yes
VCPIP1,2.113515658,11920.81215,12.57445989,2.91788E-36,1.36158E-34,30,yes
CCDC6,2.109713379,5488.725359,11.2136568,3.49451E-29,1.40543E-27,30,yes
ZNF280B,2.102319938,682.960488,9.606321266,7.51873E-22,2.40583E-20,30,yes
ANKRD33B,2.101962631,272.4330245,7.04231285,1.89075E-12,4.17082E-11,30,yes
ILDR2,2.101692519,505.2450929,7.883972661,3.17134E-15,7.86567E-14,30,yes
TXNIP,2.098971071,51519.07702,12.15056978,5.69672E-34,2.52093E-32,30,yes
KCNIP2,-2.098257599,83.19312123,-4.311229321,1.62349E-05,0.000219262,30,yes
RSG1,-2.097252939,88.68187316,-4.367195505,1.25852E-05,0.000172292,30,yes
TMEM62,2.094136968,579.0714404,8.827583157,1.06962E-18,3.0121E-17,30,yes
STN1,2.09110789,1947.748453,11.22355053,3.12468E-29,1.26017E-27,30,yes
SULF1,2.090518919,323.1892477,6.907539031,4.93133E-12,1.06838E-10,30,yes
ATAD1,2.088564728,5001.305654,10.41887172,2.03351E-25,7.29209E-24,30,yes
TLE4,2.086518764,339.886002,7.457111442,8.84399E-14,2.05686E-12,30,yes
NFKB1,2.085722871,1975.849904,11.19088647,4.51893E-29,1.79757E-27,30,yes
SLC46A1,-2.085160516,117.695341,-5.085042034,3.67545E-07,5.91934E-06,30,yes
SLC24A5,-2.080952702,86.7183336,-4.17044318,3.04008E-05,0.000398743,30,yes
C1orf210,-2.080127085,215.1840183,-5.541675082,2.99592E-08,5.2425E-07,30,yes
ENSSSCG00000040061,2.07660863,130.8616208,5.245486971,1.5587E-07,2.57876E-06,30,yes
ENSSSCG00000022246,-2.074142419,112.5735072,-4.92137387,8.59388E-07,1.34391E-05,30,yes
RCAN1,2.073151877,14732.49313,9.277075922,1.74193E-20,5.30561E-19,30,yes
PCDH1,-2.070209892,481.7327291,-6.308230214,2.82244E-10,5.57557E-09,30,yes
DOK1,2.070047817,496.7776467,7.947372552,1.90509E-15,4.76567E-14,30,yes
EPHA7,2.06867219,83.9026956,4.315052563,1.59565E-05,0.000215902,30,yes
SEMA3B,-2.066547357,413.0680836,-7.427300332,1.10837E-13,2.56954E-12,30,yes
TMTC2,2.06589025,119.7061602,4.838632949,1.30735E-06,2.00778E-05,30,yes
ENSSSCG00000030183,2.065143381,1533.854711,11.24663756,2.4059E-29,9.72986E-28,30,yes
TYSND1,-2.062450139,687.2350882,-9.019793141,1.88445E-19,5.48714E-18,30,yes
ALDH1L2,2.061273526,209.3021866,5.065797872,4.06693E-07,6.4995E-06,30,yes
AUNIP,2.058971939,146.4293301,5.544344661,2.95057E-08,5.17559E-07,30,yes
SUSD2,-2.058823384,135.417493,-4.984713467,6.20537E-07,9.80934E-06,30,yes
SDC4,2.057919662,13623.58691,11.02727074,2.82302E-28,1.10189E-26,30,yes
STOML1,2.053342208,438.7100844,8.02918101,9.81255E-16,2.47164E-14,30,yes
CASP3,2.050843192,8200.72172,12.195614,3.28022E-34,1.46045E-32,30,yes
ANKS4B,-2.050014944,97.96272814,-4.225001891,2.38939E-05,0.000316246,30,yes
TRIM25,2.049899764,2573.718917,10.72804202,7.51721E-27,2.8207E-25,30,yes
ENSSSCG00000017754,2.047239691,2280.18056,8.444486285,3.05385E-17,8.15799E-16,30,yes
TNFSF10,2.042556478,35358.44421,9.358301475,8.10288E-21,2.49936E-19,30,yes
GJA1,2.040049043,12701.66346,11.4721092,1.82164E-30,7.51312E-29,30,yes
IL10RB,2.037266697,2196.610749,9.553446235,1.25452E-21,3.95337E-20,30,yes
GRK3,-2.030325121,107.606831,-4.70134836,2.58449E-06,3.82783E-05,30,yes
PSMD10,2.029398215,1590.382391,9.479779434,2.54821E-21,7.99556E-20,30,yes
CEBPB,2.026927105,1316.130374,8.288196908,1.14978E-16,2.99457E-15,30,yes
PON1,-2.026297267,108.3382248,-4.683805281,2.81598E-06,4.14538E-05,30,yes
TNFSF9,2.024725422,2999.2736,10.49675262,8.9403E-26,3.24593E-24,30,yes
TGFB3,2.023204168,125.6727995,4.866068107,1.1384E-06,1.75758E-05,30,yes
PLAU,2.023091834,24184.9401,11.55592526,6.89014E-31,2.87431E-29,30,yes
MAP2,-2.023047169,1201.274966,-10.00956635,1.38358E-23,4.70642E-22,30,yes
ENSSSCG00000023603,2.022417766,93.1528374,4.061589172,4.87398E-05,0.000625752,30,yes
NBN,2.019976776,2587.128823,10.54609026,5.29551E-26,1.93712E-24,30,yes
ELMOD1,-2.019216805,295.4838999,-6.4334131,1.2477E-10,2.52295E-09,30,yes
TRPS1,2.018043347,2941.65764,8.993435753,2.3962E-19,6.92188E-18,30,yes
TIMP1,2.015116084,457.3681994,6.27565904,3.48156E-10,6.8405E-09,30,yes
EEF1A2,-2.013561753,136.4060165,-4.92499972,8.43605E-07,1.32207E-05,30,yes
STON2,-2.012766192,1178.912013,-9.727244215,2.3076E-22,7.60098E-21,30,yes
RILPL2,2.009498121,238.7689797,6.320106953,2.61382E-10,5.1775E-09,30,yes
B3GALT5,2.009167283,194.4732738,5.437030495,5.41759E-08,9.2903E-07,30,yes
NEUROG2,2.007708072,150.2939866,5.133201046,2.84855E-07,4.61314E-06,30,yes
PELP1,2.007532362,1490.196487,7.141951605,9.2015E-13,2.06417E-11,30,yes
SLC25A5,2.006788643,6139.721897,11.20643179,3.79173E-29,1.52076E-27,30,yes
FOSL2,-2.005295422,7722.401087,-11.36768777,6.05709E-30,2.47711E-28,30,yes
FBXO32,2.004830226,3162.702681,9.571283425,1.05587E-21,3.33457E-20,30,yes
FBXL16,-2.003257209,90.12325673,-4.099058092,4.14835E-05,0.000537329,30,yes
LGALS3,-2.003207505,2832.712884,-10.30468412,6.71118E-25,2.37733E-23,30,yes
PLCD1,-2.000190299,94.77253435,-4.223816382,2.402E-05,0.000317627,30,yes
FAM105A,-2.000017996,143.1373775,-4.785206702,1.70811E-06,2.59316E-05,30,yes
MEX3B,-1.998332778,84.50006749,-3.785043431,0.000153682,0.001862991,30,yes
TSPAN12,-1.997688537,1007.005803,-6.989057354,2.76739E-12,6.04962E-11,30,yes
MEGF6,-1.995864424,613.6531787,-7.367126527,1.74345E-13,4.01628E-12,30,yes
RFX5,1.995676964,3147.333535,6.678405111,2.41557E-11,5.06747E-10,30,yes
NFKB2,1.994671564,981.4419578,9.129335523,6.8921E-20,2.04363E-18,30,yes
CD52,-1.992142232,95.30453561,-4.26579824,1.99189E-05,0.000266054,30,yes
PDE4C,-1.991904724,68.99593905,-3.625917954,0.000287937,0.003375259,30,yes
TRAF6,1.990308219,2269.589446,9.305946153,1.32805E-20,4.06198E-19,30,yes
ARHGEF25,1.98797594,353.4366316,6.750644115,1.4719E-11,3.11928E-10,30,yes
LZTS1,1.985402394,743.9727912,8.414055956,3.96072E-17,1.04844E-15,30,yes
MTURN,-1.983428765,322.6259128,-6.754871056,1.42962E-11,3.03409E-10,30,yes
MOCOS,1.982104713,509.9737028,7.807317041,5.84182E-15,1.4391E-13,30,yes
ITPR2,1.981262312,1047.455283,6.355098255,2.08293E-10,4.14849E-09,30,yes
MED12L,1.981060358,161.8805421,4.901441788,9.51358E-07,1.48137E-05,30,yes
MOB3C,1.979536651,1395.203775,8.529762852,1.46648E-17,3.9833E-16,30,yes
RAD51C,-1.97805478,138.2980532,-4.966512596,6.81676E-07,1.07408E-05,30,yes
CREBRF,1.975103562,954.2060408,9.097876232,9.21154E-20,2.7203E-18,30,yes
TMEM74B,-1.974608152,98.37383488,-4.272898321,1.92948E-05,0.000258668,30,yes
FLT1,1.973086241,359.4950065,5.242155164,1.58712E-07,2.61982E-06,30,yes
MIS18BP1,1.972223968,1108.898559,6.808503671,9.86191E-12,2.11457E-10,30,yes
HSPA12A,-1.969757786,120.047304,-4.575864677,4.74257E-06,6.77596E-05,30,yes
ERBB2,-1.969687808,422.1451742,-7.304540873,2.78215E-13,6.3488E-12,30,yes
SIM1,1.966150554,1101.158711,9.786623733,1.28516E-22,4.2621E-21,30,yes
PIMREG,-1.965254465,93.40992671,-3.881473298,0.000103826,0.001286465,30,yes
ENSSSCG00000035634,1.965194839,2878.403756,9.574967446,1.01889E-21,3.23183E-20,30,yes
SLC1A4,1.965175615,1027.830986,7.34801021,2.01179E-13,4.62712E-12,30,yes
C12orf43,-1.96318981,83.72270303,-3.86916005,0.000109211,0.001349747,30,yes
ITGB8,1.96273542,7228.936182,10.83888508,2.25199E-27,8.65084E-26,30,yes
USP13,-1.95715727,814.2011881,-8.845617361,9.10237E-19,2.57323E-17,30,yes
PHC1,1.953910682,87.85123626,3.89561989,9.79479E-05,0.001218823,30,yes
IL15,1.953086588,75.02107658,3.714208437,0.000203841,0.002438552,30,yes
NECTIN1,-1.951673784,933.6804374,-5.785299586,7.23832E-09,1.33396E-07,30,yes
APOBEC1,1.94879977,2713.295979,9.357144018,8.19211E-21,2.52154E-19,30,yes
NOS2,1.947523779,81.7396827,3.907479292,9.3264E-05,0.001164521,30,yes
CCDC92,-1.942986468,280.3586261,-5.90467114,3.53351E-09,6.6039E-08,30,yes
MTCP1,-1.942831083,234.4411955,-5.774052608,7.73873E-09,1.41899E-07,30,yes
ZNF395,-1.942638169,1260.457279,-6.62634539,3.441E-11,7.16702E-10,30,yes
MTUS1,-1.942432245,367.646797,-6.852644405,7.24971E-12,1.566E-10,30,yes
ST6GAL1,-1.940382426,889.5276938,-8.777101104,1.67742E-18,4.66952E-17,30,yes
SLC6A6,-1.93813424,3010.753898,-10.43056306,1.7982E-25,6.46418E-24,30,yes
EHD1,1.937062637,1819.503406,6.536056154,6.31622E-11,1.29884E-09,30,yes
BCO1,-1.935472435,71.67970776,-3.447597161,0.000565597,0.006373472,30,yes
ZC2HC1C,-1.935056464,70.81792703,-3.377720208,0.000730894,0.008129172,30,yes
ERBB3,-1.934490935,3652.312158,-10.17451404,2.57683E-24,8.99666E-23,30,yes
CORO1A,1.932518293,227.6754866,5.597296409,2.1772E-08,3.86089E-07,30,yes
ACO1,1.932215273,725.9153317,6.395981909,1.59519E-10,3.19455E-09,30,yes
FEM1C,1.93149746,8005.514095,10.24254633,1.27827E-24,4.48442E-23,30,yes
SNX10,1.928996524,3864.677238,9.294264716,1.48227E-20,4.52419E-19,30,yes
ENSSSCG00000001398,1.928487353,1786.261792,9.262021693,2.00597E-20,6.08437E-19,30,yes
HPS3,-1.926454026,330.1918413,-5.959647471,2.52783E-09,4.74873E-08,30,yes
C2,1.924776607,211.2506398,5.378778164,7.4993E-08,1.27104E-06,30,yes
HIVEP2,1.92367384,2856.41377,6.041744807,1.52456E-09,2.91288E-08,30,yes
CARD6,1.922594048,1693.687026,7.161240471,7.99503E-13,1.80185E-11,30,yes
PPP2R2C,-1.920091204,467.6396854,-7.111666312,1.1465E-12,2.55228E-11,30,yes
TMEM45A,-1.919173597,598.0666191,-7.487704945,7.00884E-14,1.64583E-12,30,yes
CES3,-1.919034058,103.6289035,-4.043095698,5.27501E-05,0.000674265,30,yes
SLC7A1,1.917524533,2263.241695,6.188816264,6.06177E-10,1.17986E-08,30,yes
ETS1,1.916894393,8353.943017,10.08375017,6.51895E-24,2.25438E-22,30,yes
NDRG2,-1.91629544,650.6195718,-7.886892718,3.09804E-15,7.69698E-14,30,yes
JDP2,1.915928234,351.3635107,6.42480558,1.32038E-10,2.65884E-09,30,yes
SELENOS,1.915580445,1148.267906,7.791580539,6.61761E-15,1.62472E-13,30,yes
OTUD4,1.915517099,6767.880027,10.74922467,5.97618E-27,2.24825E-25,30,yes
TMEM268,1.914803918,481.2324665,6.831870068,8.38147E-12,1.80512E-10,30,yes
BBOX1,-1.913045624,99.15731129,-3.674626689,0.000238197,0.002833265,30,yes
PRKG1,1.913029391,343.9985289,6.11107627,9.89615E-10,1.90579E-08,30,yes
PXK,1.91272699,108.5626601,4.179665976,2.91938E-05,0.000383603,30,yes
KIAA1211L,-1.911874811,256.1321925,-5.461288878,4.7269E-08,8.15391E-07,30,yes
TMEM144,-1.910453457,138.5206054,-4.470429905,7.80625E-06,0.000109596,30,yes
HIC2,1.908562189,276.6245678,5.750167535,8.91551E-09,1.62658E-07,30,yes
WNT5A,1.906215614,746.1230882,5.986803316,2.14005E-09,4.05163E-08,30,yes
ONECUT2,1.905932468,841.389744,5.422358082,5.88179E-08,1.00745E-06,30,yes
HDAC6,1.905633507,1357.198635,8.797388432,1.40037E-18,3.92832E-17,30,yes
NCEH1,1.905558773,1502.24047,9.411850806,4.87476E-21,1.51326E-19,30,yes
GRAMD4,-1.901690445,80.81063084,-3.573166714,0.00035269,0.004088228,30,yes
FAM110C,-1.900050376,1425.749853,-8.213584961,2.14681E-16,5.53192E-15,30,yes
PLSCR4,1.899853143,274.7957699,5.734052437,9.8059E-09,1.78232E-07,30,yes
AP1S3,1.896210282,4425.475098,9.706972816,2.81576E-22,9.23301E-21,30,yes
DHCR24,-1.896102572,1210.341708,-7.108812634,1.17046E-12,2.60163E-11,30,yes
BNIP3,-1.894167761,4806.782016,-10.75908468,5.37009E-27,2.03073E-25,30,yes
CYP26A1,1.892662672,207.2726462,5.144371186,2.68418E-07,4.35664E-06,30,yes
NCOA3,1.889400137,3742.198353,6.390630552,1.65203E-10,3.30383E-09,30,yes
PM20D2,-1.889252547,1464.919604,-8.821406192,1.13031E-18,3.17687E-17,30,yes
AGL,-1.884344446,1073.360285,-8.554149089,1.18741E-17,3.23132E-16,30,yes
MORC4,-1.88285361,240.1978256,-5.247914061,1.53831E-07,2.54792E-06,30,yes
ENSSSCG00000017103,-1.880674074,528.4808868,-7.010250181,2.37892E-12,5.22394E-11,30,yes
BCL6,1.880630555,3646.318047,9.464244275,2.95691E-21,9.258E-20,30,yes
ENSSSCG00000007314,-1.878501889,836.633586,-6.570775097,5.0054E-11,1.03367E-09,30,yes
ENSSSCG00000039731,-1.876383872,565.9811477,-6.540094689,6.14799E-11,1.26783E-09,30,yes
MTFR1L,1.874286063,2971.716066,9.791181735,1.22852E-22,4.08355E-21,30,yes
SOWAHB,1.872317945,809.1077093,7.580397529,3.44498E-14,8.2222E-13,30,yes
FBXO46,1.869524453,225.1499188,4.646431917,3.37726E-06,4.92187E-05,30,yes
MAML2,1.868375519,1176.675483,5.848241835,4.96796E-09,9.21382E-08,30,yes
TRIQK,-1.866294873,861.5244484,-6.788389583,1.13392E-11,2.41709E-10,30,yes
BRCA1,1.865455777,4575.77914,8.937525977,3.9798E-19,1.14059E-17,30,yes
NOCT,1.864085216,3084.675272,8.219596699,2.04189E-16,5.28025E-15,30,yes
B3GNT5,1.862016235,4257.133324,8.263279412,1.41724E-16,3.68457E-15,30,yes
DPY19L3,-1.861899643,183.1068117,-4.887197035,1.02282E-06,1.58755E-05,30,yes
MYCBP2,1.861103773,2167.401617,7.939146019,2.03578E-15,5.08386E-14,30,yes
IFI30,1.860999842,722.3141115,7.6578234,1.89111E-14,4.56594E-13,30,yes
AGBL2,-1.860538878,173.2492381,-4.429011532,9.4666E-06,0.000131637,30,yes
MGST1,-1.859557477,453.5384594,-6.738588828,1.59932E-11,3.37947E-10,30,yes
EXT1,1.858314335,6949.633522,10.05718511,8.54054E-24,2.92569E-22,30,yes
MAPK14,1.858017958,2364.048967,8.691979292,3.56179E-18,9.85857E-17,30,yes
MXI1,-1.855306268,1778.498902,-8.867713602,7.46631E-19,2.11895E-17,30,yes
ZNF598,1.854536002,461.4313086,4.479917363,7.46719E-06,0.000105039,30,yes
MEIS1,-1.853888635,169.998317,-4.253483328,2.10471E-05,0.000279584,30,yes
ENSSSCG00000012238,-1.851833205,436.9541996,-6.51615599,7.2132E-11,1.47496E-09,30,yes
ANTXR1,1.848050146,995.6201084,6.718409809,1.83718E-11,3.87646E-10,30,yes
PARP8,1.839354767,1139.051186,8.470760031,2.43797E-17,6.54878E-16,30,yes
ENSSSCG00000017618,1.838922538,2025.177885,8.002032167,1.22382E-15,3.07732E-14,30,yes
STAMBPL1,-1.838025509,142.3994948,-4.028264607,5.61901E-05,0.000715568,30,yes
ADAMTSL5,-1.836684809,89.62702926,-3.390034432,0.000698838,0.007796467,30,yes
EVPL,-1.835492544,301.806211,-4.297316431,1.72878E-05,0.00023305,30,yes
AKR1D1,-1.833492435,190.7993679,-4.714169096,2.42699E-06,3.60557E-05,30,yes
GDF15,1.833140174,203.6291361,4.700957938,2.58944E-06,3.83126E-05,30,yes
ITGA3,1.831499126,5686.494748,7.803819027,6.00613E-15,1.47708E-13,30,yes
ACER2,1.829815988,263.6066416,5.57156006,2.52468E-08,4.4446E-07,30,yes
GPRASP2,-1.828593577,74.11361791,-3.148155541,0.001643042,0.017524582,30,yes
ENSSSCG00000001229,1.827859302,6287.711031,9.587460326,9.02798E-22,2.87611E-20,30,yes
GPBP1,1.827462252,5097.585539,9.446212081,3.51314E-21,1.09759E-19,30,yes
KIAA1161,-1.826421583,208.5218163,-4.923774678,8.48906E-07,1.32895E-05,30,yes
CPOX,-1.826062153,2944.589789,-7.146956639,8.87229E-13,1.99339E-11,30,yes
GADD45B,1.825441917,716.1802796,6.577118444,4.79653E-11,9.93352E-10,30,yes
CCNJ,1.824017643,479.0128855,4.58000995,4.64954E-06,6.64957E-05,30,yes
MAGED1,-1.820289292,1263.969089,-7.122678763,1.05849E-12,2.36722E-11,30,yes
ENSSSCG00000022912,1.819728867,720.7030679,6.664612971,2.65364E-11,5.55091E-10,30,yes
PFKFB3,1.817149791,4622.78501,7.760821842,8.43808E-15,2.06471E-13,30,yes
E2F3,1.814877632,1004.368218,7.533961415,4.92237E-14,1.16339E-12,30,yes
CCDC160,-1.814732931,94.77477138,-3.519094079,0.000433023,0.004948496,30,yes
PCDHA11,-1.813027796,169.463216,-4.361171888,1.29368E-05,0.000176685,30,yes
DRAM1,1.812997457,167.2354356,4.569925342,4.87898E-06,6.96403E-05,30,yes
USP15,1.812659027,4001.801677,8.506877775,1.7868E-17,4.82634E-16,30,yes
CCND3,1.812150416,716.9610239,6.87297061,6.28785E-12,1.36025E-10,30,yes
CEP44,1.811963003,455.386997,5.603709061,2.09813E-08,3.72975E-07,30,yes
LRWD1,1.811192449,461.2432921,5.502441553,3.74567E-08,6.53093E-07,30,yes
MAFF,1.811140609,765.8026184,6.032637058,1.61305E-09,3.07388E-08,30,yes
TNNI2,-1.809776138,115.4011865,-3.739500751,0.000184386,0.002222249,30,yes
N4BP1,1.808485602,4888.280208,9.878379378,5.16616E-23,1.72906E-21,30,yes
PRR5L,1.805759709,421.1912566,6.27240859,3.55505E-10,6.97547E-09,30,yes
MIOX,1.802416818,182.9712338,3.543490317,0.000394868,0.004548165,30,yes
PIGP,-1.801822901,133.0885881,-3.716203534,0.000202239,0.002423369,30,yes
CLCN5,-1.800994003,659.3408375,-6.847003643,7.54128E-12,1.62657E-10,30,yes
COG3,1.798667905,4299.02956,9.35475646,8.37925E-21,2.5737E-19,30,yes
ENSSSCG00000008965,1.79828611,1945.206183,7.732179469,1.05721E-14,2.57389E-13,30,yes
ABCA5,-1.791706898,395.3373181,-5.962998634,2.4765E-09,4.65832E-08,30,yes
CBLL1,1.789157929,2147.46849,6.502996824,7.87355E-11,1.60323E-09,30,yes
MYB,-1.788184739,208.7231841,-4.439856691,9.00188E-06,0.000125776,30,yes
RAB8B,1.787840362,2786.461983,7.910972252,2.55386E-15,6.36673E-14,30,yes
GPC1,-1.787799072,465.2425387,-5.574629923,2.48057E-08,4.37597E-07,30,yes
ENSSSCG00000036603,1.787592678,573.3581968,5.693104058,1.2475E-08,2.24782E-07,30,yes
SLC35F6,1.78721331,2809.848062,9.214489727,3.12762E-20,9.40807E-19,30,yes
CD109,-1.786417255,4707.563349,-8.521608768,1.57352E-17,4.26609E-16,30,yes
HOXA10,-1.786077116,576.4380749,-6.507889393,7.6214E-11,1.55406E-09,30,yes
ABTB2,1.784949548,2300.610665,6.916078521,4.64317E-12,1.01046E-10,30,yes
CAPSL,-1.784841989,78.29013655,-3.002597092,0.002676866,0.027698996,30,yes
ZBTB21,1.783774037,288.4172093,4.155916938,3.23986E-05,0.000424182,30,yes
TGFBR3,1.783210825,353.8711284,5.406821703,6.41529E-08,1.09496E-06,30,yes
APOH,1.782641433,252.1811714,5.130817324,2.88487E-07,4.66675E-06,30,yes
RICTOR,1.781554306,4608.972545,8.354020906,6.59777E-17,1.73701E-15,30,yes
PPP1R3E,-1.780594693,470.3184685,-6.176224361,6.56527E-10,1.27445E-08,30,yes
AMN1,-1.779735335,202.1863668,-4.686582147,2.77805E-06,4.09369E-05,30,yes
OSER1,1.778261986,2170.243439,7.639074374,2.18789E-14,5.26504E-13,30,yes
C1orf174,-1.778049344,186.2696658,-4.498881841,6.83118E-06,9.63713E-05,30,yes
TBCC,1.777913128,996.7783326,7.373944117,1.65653E-13,3.82815E-12,30,yes
CRABP2,-1.777593569,1326.510289,-7.508501441,5.9808E-14,1.41126E-12,30,yes
F2RL2,-1.775703578,127.5068497,-3.672401033,0.000240282,0.0028534,30,yes
SUOX,1.775501492,1793.431501,7.500327662,6.36585E-14,1.49726E-12,30,yes
MUM1L1,1.771391892,2234.353936,7.828360828,4.94272E-15,1.21968E-13,30,yes
ENSSSCG00000031465,-1.771033854,245.9761078,-4.65057939,3.31004E-06,4.82874E-05,30,yes
CHSY1,1.769273867,7027.894154,9.004933433,2.15797E-19,6.25853E-18,30,yes
OPTN,1.768630919,1273.420045,7.086941422,1.37108E-12,3.04293E-11,30,yes
KLHDC7A,-1.766433918,80.80964155,-3.110390564,0.001868401,0.019768933,30,yes
NDRG1,-1.764217673,10959.08024,-7.757752118,8.64479E-15,2.11174E-13,30,yes
GTPBP2,1.763156129,1993.134737,8.295013084,1.08573E-16,2.83283E-15,30,yes
OAF,1.76270039,103.2251683,3.49951647,0.000466103,0.005297417,30,yes
DGKA,1.760636018,1070.70022,7.401775885,1.34375E-13,3.11028E-12,30,yes
TOPORS,1.760507344,2509.305722,7.27839179,3.37823E-13,7.67296E-12,30,yes
SLC25A27,-1.759535408,326.6776128,-5.179422507,2.22574E-07,3.64505E-06,30,yes
PTPN23,1.759184678,1040.554974,5.240120576,1.60472E-07,2.64288E-06,30,yes
IL10RA,1.758199691,164.8626807,4.277771743,1.88773E-05,0.000253538,30,yes
ALG14,-1.757029314,249.6043423,-4.737828785,2.1602E-06,3.23231E-05,30,yes
DUSP5,1.756744405,7710.148547,9.590574081,8.75962E-22,2.79674E-20,30,yes
KRT8,-1.756395397,13215.05037,-9.161560511,5.11522E-20,1.52921E-18,30,yes
ENSSSCG00000010494,-1.755844953,1192.780434,-4.807428762,1.52884E-06,2.33316E-05,30,yes
RTN4RL1,-1.75450451,528.8585598,-5.963605716,2.46732E-09,4.64705E-08,30,yes
ZMAT3,1.751824053,6906.775058,7.543884861,4.56174E-14,1.08167E-12,30,yes
FAM131C,-1.750704994,317.8205852,-4.592677294,4.37595E-06,6.30163E-05,30,yes
ZBTB24,1.750665779,858.7324762,7.0248596,2.14282E-12,4.71258E-11,30,yes
ENSSSCG00000032157,-1.74970512,240.6759739,-4.771460777,1.82895E-06,2.7622E-05,30,yes
SLC12A2,-1.748999815,7891.995881,-8.049981408,8.28066E-16,2.09302E-14,30,yes
HYAL1,-1.746614226,392.5328907,-5.62360743,1.8701E-08,3.34072E-07,30,yes
LIX1L,1.746508144,1120.350541,6.245124786,4.23462E-10,8.28653E-09,30,yes
PSMA6,1.746127448,2391.336816,7.346974,2.02744E-13,4.65576E-12,30,yes
FBXL20,1.744254028,962.7017219,5.624063776,1.86517E-08,3.33599E-07,30,yes
B2M,1.743823244,12085.1808,7.579558524,3.46733E-14,8.262E-13,30,yes
NRP1,-1.74070806,105.3607315,-3.300604667,0.000964767,0.010624845,30,yes
SPATA6,-1.740661548,137.2715987,-3.724011604,0.000196082,0.002351529,30,yes
HDAC1,1.740198484,12002.96915,8.321649052,8.67478E-17,2.27151E-15,30,yes
PPP1R15A,1.738731834,3633.957073,7.986209828,1.39151E-15,3.49292E-14,30,yes
FAM98C,1.7346514,218.9975028,3.905459813,9.40464E-05,0.001173283,30,yes
ITGB6,1.733541656,1538.260121,6.416449241,1.39489E-10,2.80114E-09,30,yes
LRRC1,-1.733419213,132.39851,-3.57787636,0.000346397,0.004031333,30,yes
FADS6,-1.732679175,558.6694912,-6.108549816,1.0054E-09,1.93364E-08,30,yes
SLC25A21,-1.731832728,167.8818443,-4.067689153,4.74817E-05,0.000610137,30,yes
PDE2A,-1.73029727,309.4440625,-4.997977306,5.79348E-07,9.16818E-06,30,yes
INPP1,1.730137472,861.3183428,6.153639056,7.57249E-10,1.46606E-08,30,yes
TICAM1,1.729564362,486.0986093,5.077526854,3.82379E-07,6.14466E-06,30,yes
TRAFD1,1.725389585,2481.94097,7.627432977,2.39474E-14,5.75331E-13,30,yes
FJX1,1.724968149,522.8918578,4.730855375,2.23576E-06,3.34193E-05,30,yes
IQSEC2,1.724879519,94.97614972,2.806749802,0.005004409,0.049429577,30,yes
PDZD3,-1.724877931,822.0995342,-6.120303753,9.33971E-10,1.80102E-08,30,yes
ZFP36,1.723642884,674.40915,4.129345108,3.63798E-05,0.0004746,30,yes
GNA13,1.723495801,8934.703072,8.155423912,3.47957E-16,8.91885E-15,30,yes
ABHD18,-1.723083262,84.84435682,-2.948137246,0.003196951,0.032548538,30,yes
RNF114,1.722686928,7281.334153,8.415933857,3.89777E-17,1.03366E-15,30,yes
SCNN1G,1.719270464,316.7015018,4.587361361,4.48883E-06,6.45142E-05,30,yes
ENSSSCG00000024696,1.718790748,8668.994358,8.067618755,7.16825E-16,1.81816E-14,30,yes
HES6,-1.718245466,385.4839,-5.446538139,5.13596E-08,8.81774E-07,30,yes
CNTROB,-1.716709809,125.940858,-3.553314855,0.000380409,0.004392048,30,yes
AIFM1,1.716040957,821.2238688,6.010128576,1.85376E-09,3.51418E-08,30,yes
ENSSSCG00000038469,-1.715007264,665.557814,-5.956047577,2.58411E-09,4.84821E-08,30,yes
ZDHHC24,-1.714616508,474.3256031,-4.636148204,3.54962E-06,5.15243E-05,30,yes
TXNRD1,1.713560725,1463.917139,7.612524637,2.68793E-14,6.44705E-13,30,yes
GXYLT1,-1.70962266,3212.291682,-8.112238715,4.96955E-16,1.27156E-14,30,yes
PLLP,1.709279715,268.7714253,4.500880006,6.76727E-06,9.55623E-05,30,yes
SPON2,-1.707488758,255.2011502,-3.972715042,7.1058E-05,0.000894152,30,yes
STARD4,-1.707162103,602.8581196,-5.743779061,9.25866E-09,1.68707E-07,30,yes
TMEM184C,1.706037329,3091.195588,7.463943854,8.39704E-14,1.96232E-12,30,yes
PDHB,-1.705419699,991.0885748,-6.223590911,4.85903E-10,9.48293E-09,30,yes
RFESD,-1.704076204,123.088125,-3.498439654,0.000467989,0.005314084,30,yes
RAI14,1.700775102,4494.038667,7.054494531,1.73229E-12,3.82708E-11,30,yes
CHST2,1.697752832,166.8585236,3.788724301,0.000151423,0.001840205,30,yes
MED13,1.696531796,10466.91671,8.631976393,6.03008E-18,1.65645E-16,30,yes
ZYX,1.692674755,345.9549104,3.611061515,0.000304946,0.003568901,30,yes
PRKCD,1.691959871,1109.779529,5.801423799,6.57542E-09,1.21487E-07,30,yes
CDC42EP2,1.689861145,472.5396669,5.09177319,3.5473E-07,5.71929E-06,30,yes
LMAN2L,1.686835286,644.2697329,6.148797025,7.80728E-10,1.50951E-08,30,yes
BDH1,-1.6860934,251.6933064,-4.236502879,2.27028E-05,0.000300755,30,yes
RUNDC1,1.684913887,1226.104755,6.69224658,2.1977E-11,4.62375E-10,30,yes
C4orf46,-1.684258818,83.99005671,-2.863033324,0.004196064,0.041986598,30,yes
SCARA3,-1.683441955,115.704434,-3.214954941,0.00130465,0.0141538,30,yes
RNF169,1.683179167,3703.010022,7.297056291,2.94132E-13,6.70151E-12,30,yes
PDK3,-1.682658465,277.0075553,-4.327170242,1.51037E-05,0.000205126,30,yes
CDCP1,1.682569252,6358.919297,5.00542614,5.57386E-07,8.83023E-06,30,yes
HMGCS1,-1.682241217,6038.274658,-7.003330457,2.49948E-12,5.48042E-11,30,yes
CDR2L,-1.680498744,729.4116726,-6.284744159,3.28394E-10,6.47844E-09,30,yes
GRTP1,-1.680328218,147.7311051,-3.381248265,0.000721573,0.008037784,30,yes
CDKN1A,1.674734345,611.6775921,4.26795339,1.97275E-05,0.000263739,30,yes
SMAP2,1.674577582,3598.143014,4.827196679,1.38468E-06,2.11761E-05,30,yes
DDAH1,-1.67381844,401.877624,-4.039475869,5.35708E-05,0.000684155,30,yes
NIPSNAP3B,-1.673774006,1060.432886,-6.282910646,3.32292E-10,6.54647E-09,30,yes
EFHC1,-1.672991047,497.321703,-5.113227254,3.16701E-07,5.11181E-06,30,yes
SETDB2,1.672857018,835.6487893,6.372636358,1.85806E-10,3.70569E-09,30,yes
MEGF9,-1.672336958,592.0652275,-4.899560948,9.60511E-07,1.49402E-05,30,yes
QPCT,-1.672132399,935.5746745,-5.742491383,9.32936E-09,1.69783E-07,30,yes
ZNF281,1.671213452,2230.692873,7.482101576,7.31434E-14,1.71205E-12,30,yes
FAM114A1,-1.671063686,3781.684546,-6.500388977,8.01126E-11,1.62899E-09,30,yes
ENSSSCG00000004674,-1.669520816,273.5327146,-4.415320343,1.00861E-05,0.000139984,30,yes
OSMR,1.669341363,843.4971136,6.015816965,1.78982E-09,3.39739E-08,30,yes
TAPBPL,1.668373838,1529.918444,6.788595982,1.1323E-11,2.41709E-10,30,yes
ENSSSCG00000024045,-1.667688541,260.0989975,-3.51945961,0.000432427,0.004945564,30,yes
PISD,1.667444505,872.3090905,5.542102355,2.98862E-08,5.23601E-07,30,yes
ABHD4,-1.667056231,773.6127037,-6.03657721,1.57417E-09,3.00372E-08,30,yes
H2AFJ,-1.665180023,290.7446097,-4.347776719,1.37525E-05,0.000187298,30,yes
ACP6,-1.663284846,442.78879,-5.317971193,1.04931E-07,1.76001E-06,30,yes
EMP2,-1.663116945,1357.291418,-6.093020109,1.108E-09,2.12815E-08,30,yes
PPP1R9A,-1.66252346,1173.39512,-6.690891592,2.21815E-11,4.66003E-10,30,yes
VASH2,1.662394721,754.010638,5.851617028,4.86817E-09,9.04026E-08,30,yes
ABCC4,-1.662387508,1686.331671,-7.164221954,7.82296E-13,1.76581E-11,30,yes
RELB,1.659377184,400.280425,4.263855784,2.00929E-05,0.000268133,30,yes
ACAA2,-1.655828518,245.0355303,-3.864416745,0.000111355,0.001373913,30,yes
CREB5,1.653145002,312.8955679,3.310262095,0.000932086,0.01028049,30,yes
CTNNBIP1,-1.652705563,205.5896228,-3.851259279,0.000117512,0.001446202,30,yes
C21orf91,1.651169379,7553.06655,5.700421378,1.19512E-08,2.16414E-07,30,yes
CRYL1,-1.65025728,202.691267,-3.634759676,0.00027824,0.003267758,30,yes
BSPRY,1.648915482,1622.310292,6.817646628,9.25439E-12,1.98724E-10,30,yes
HOXD8,-1.648586232,1386.502349,-5.48119916,4.22453E-08,7.30462E-07,30,yes
IPO13,1.64785501,497.2028523,4.841930628,1.28584E-06,1.97682E-05,30,yes
ENSSSCG00000035397,1.646866486,2439.538912,6.527865944,6.67134E-11,1.368E-09,30,yes
FAM81A,-1.644515206,959.1229829,-5.417886792,6.03076E-08,1.03175E-06,30,yes
RALB,1.641673582,4442.615292,6.593310515,4.30126E-11,8.93324E-10,30,yes
KIAA0586,-1.640635476,279.6981552,-4.394714584,1.10918E-05,0.000152633,30,yes
ETV6,1.638184484,1919.726781,5.232260221,1.6745E-07,2.75469E-06,30,yes
KIAA1841,-1.637613808,649.8813252,-4.408104657,1.04279E-05,0.000144453,30,yes
ROS1,-1.636397036,388.4538552,-4.670393293,3.00624E-06,4.40763E-05,30,yes
SLC40A1,-1.63583465,4318.302429,-5.241254522,1.59489E-07,2.62966E-06,30,yes
CYP3A29,1.633569412,4478.781644,7.325202345,2.38539E-13,5.46051E-12,30,yes
CDKL2,-1.633318225,161.7311272,-3.495849814,0.000472555,0.005354025,30,yes
AMOTL1,-1.632550576,2198.693453,-5.860816804,4.60596E-09,8.57521E-08,30,yes
POR,1.630899732,308.8971636,3.235431136,0.001214592,0.013255804,30,yes
CBX4,1.630482939,894.319698,5.45881305,4.79328E-08,8.24886E-07,30,yes
RIPK2,1.625559229,1962.742395,6.61497235,3.71621E-11,7.72919E-10,30,yes
ETV5,1.625482424,476.7006827,5.136259663,2.8026E-07,4.54378E-06,30,yes
HILPDA,1.62220955,587.1691668,3.540186169,0.000399845,0.004598216,30,yes
ANKRD1,1.622119494,504.5887867,3.88694667,0.000101513,0.001259956,30,yes
NTS,-1.622053633,277.055825,-3.196492357,0.001391095,0.015002188,30,yes
ENSSSCG00000017446,-1.621526808,95.07373193,-2.803799458,0.005050431,0.049782818,30,yes
HOXB7,-1.621415581,564.2224503,-5.015735326,5.2831E-07,8.37872E-06,30,yes
PELO,1.620425126,3200.776437,6.323832803,2.55154E-10,5.06101E-09,30,yes
KIF5A,1.617434233,122.5312912,3.092398055,0.001985464,0.020948823,30,yes
NCK2,1.617310495,3800.10231,6.430926992,1.26828E-10,2.56101E-09,30,yes
IMPA1,1.615543272,3328.362336,5.761711689,8.32651E-09,1.52294E-07,30,yes
FGD6,1.613882042,2140.764336,5.982551417,2.19669E-09,4.15346E-08,30,yes
PGAP3,-1.612298492,153.6107016,-3.055379598,0.002247758,0.023458863,30,yes
ASB13,1.611472952,430.2257967,4.828692159,1.37433E-06,2.10398E-05,30,yes
UFSP2,-1.611277982,890.1484582,-5.622099005,1.88651E-08,3.3659E-07,30,yes
DPP3,1.61112245,1363.454649,6.430019421,1.27588E-10,2.57278E-09,30,yes
CYB5A,-1.610978532,1682.703631,-5.325324044,1.00773E-07,1.69418E-06,30,yes
PCDHAC2,-1.610702703,225.5153328,-3.855937666,0.000115287,0.001421221,30,yes
HIRA,1.610266497,1928.070353,6.514204372,7.30759E-11,1.49216E-09,30,yes
SCRN1,-1.60988317,410.97494,-4.027937322,5.62683E-05,0.000715568,30,yes
USP28,-1.608337238,426.1236912,-4.557132211,5.18568E-06,7.38731E-05,30,yes
C3orf38,1.607788548,10849.89809,6.780232047,1.19983E-11,2.55385E-10,30,yes
C5,1.604754646,193.5194024,3.558664102,0.000372746,0.00430699,30,yes
AATF,1.603817236,272.4331354,3.344573392,0.000824092,0.009137821,30,yes
FOLR2,-1.603083566,524.1247796,-4.124126438,3.72144E-05,0.00048462,30,yes
DNAJC13,1.602747227,2567.657499,6.831587039,8.39803E-12,1.80601E-10,30,yes
NXPH3,-1.60250223,171.8074549,-3.280179121,0.001037412,0.011399005,30,yes
MISP,1.599523365,641.8497962,4.616277257,3.90685E-06,5.64844E-05,30,yes
RASSF1,1.596473848,2092.192062,6.257822526,3.9039E-10,7.64964E-09,30,yes
ACADSB,-1.593597583,530.1443988,-4.296660562,1.7339E-05,0.000233524,30,yes
FMO4,1.593348439,359.6428758,4.39300974,1.11792E-05,0.00015369,30,yes
ATP13A3,1.591169999,6742.516204,6.584766434,4.55601E-11,9.44885E-10,30,yes
GGA2,-1.588378912,727.3065445,-4.776575901,1.78305E-06,2.69569E-05,30,yes
EPB41L5,-1.587902209,657.1780642,-5.305065477,1.12633E-07,1.88268E-06,30,yes
CLP1,1.58748172,1204.095495,5.055022379,4.3034E-07,6.86235E-06,30,yes
XXYLT1,-1.58693808,364.2072201,-4.071745238,4.66622E-05,0.000600668,30,yes
STAT5A,1.583828596,461.1621457,4.284071601,1.83504E-05,0.000246688,30,yes
ADORA1,-1.583333765,257.1785708,-3.737548584,0.000185823,0.002237717,30,yes
CYP39A1,-1.583003184,392.3851888,-3.675557362,0.000237331,0.002827576,30,yes
MALL,-1.580284598,345.3202425,-4.142893366,3.42951E-05,0.00044861,30,yes
ENSSSCG00000000608,1.579854419,889.7047805,4.912233817,9.00446E-07,1.40661E-05,30,yes
ENSSSCG00000010706,1.579382425,433.1333754,3.009617069,0.002615773,0.027105361,30,yes
RAB15,-1.579213256,175.0433182,-3.374396537,0.000739777,0.008221692,30,yes
ITGA2,1.573057719,1563.941686,3.707114638,0.000209634,0.002505798,30,yes
FMNL3,1.572438406,193.6765306,3.20024254,0.00137312,0.014819312,30,yes
SLC25A12,1.572342199,806.0322936,4.717579519,2.38667E-06,3.5602E-05,30,yes
RALGDS,1.571990506,632.2693638,4.512835197,6.39667E-06,9.06808E-05,30,yes
MYO7B,-1.569589022,875.2440255,-4.072662292,4.64788E-05,0.000598836,30,yes
NFAT5,1.568439517,724.6106845,3.471606366,0.000517354,0.005847952,30,yes
SLC44A3,-1.567583004,390.9376441,-4.400523062,1.0799E-05,0.000149027,30,yes
PROSER2,-1.567317469,465.5967864,-4.495984264,6.92489E-06,9.75043E-05,30,yes
GRIPAP1,1.56608573,221.5389008,3.651692784,0.000260517,0.003068668,30,yes
MFSD12,1.565310478,3473.087828,6.167923644,6.91925E-10,1.34138E-08,30,yes
HMGN3,-1.565232598,976.6986079,-4.807098161,1.53137E-06,2.33457E-05,30,yes
TRIM77,1.559214083,659.6375487,4.596019345,4.30639E-06,6.20759E-05,30,yes
SIGLEC1,1.558561209,324.8862876,3.498262892,0.000468299,0.005314084,30,yes
TAPT1,1.558355846,856.3209277,5.356890523,8.46664E-08,1.43332E-06,30,yes
CTSS,1.557663496,2522.098258,5.071175025,3.95367E-07,6.34636E-06,30,yes
PLEKHA7,1.557652099,1671.100227,4.833261235,1.34314E-06,2.0584E-05,30,yes
EPHA1,1.556984256,2523.905172,6.03058038,1.63372E-09,3.10919E-08,30,yes
ASNS,1.556789188,4207.675243,5.381838213,7.3729E-08,1.25253E-06,30,yes
RNF43,-1.556408276,274.7933543,-3.75694017,0.000172004,0.002079901,30,yes
MGAM2,1.553918552,147.08135,2.850129361,0.004370145,0.043578728,30,yes
NPNT,-1.553500825,2457.146035,-3.873054567,0.00010748,0.00133061,30,yes
ENSSSCG00000031142,-1.552397931,291.5489252,-3.787106883,0.000152412,0.001850149,30,yes
GORAB,1.551729206,1003.067557,5.068944042,4.00029E-07,6.40706E-06,30,yes
IP6K1,1.55122757,4255.232369,5.965876556,2.43324E-09,4.5888E-08,30,yes
ENTPD7,1.551095893,21723.25152,6.779004828,1.21006E-11,2.57187E-10,30,yes
SLC38A2,1.55082059,13520.50615,6.387151831,1.69004E-10,3.37521E-09,30,yes
TET2,1.55059455,2432.469018,5.599079601,2.15493E-08,3.82605E-07,30,yes
MDM2,1.549157158,4823.530236,5.968240038,2.39826E-09,4.52871E-08,30,yes
WDR6,-1.548068677,2888.030508,-5.708996363,1.13644E-08,2.06046E-07,30,yes
CSGALNACT2,-1.546868926,504.8335709,-4.365704471,1.26714E-05,0.000173223,30,yes
FAM98B,1.546033739,193.4412104,3.293426877,0.000989741,0.010891638,30,yes
PPTC7,1.545690123,2938.414577,5.780664053,7.44063E-09,1.36606E-07,30,yes
FAM83B,1.545311413,1932.951425,4.082280205,4.4596E-05,0.000576619,30,yes
LANCL1,-1.543803366,561.763562,-4.053303038,5.04995E-05,0.000646634,30,yes
CFD,-1.542599809,1033.161387,-4.6944933,2.67268E-06,3.94641E-05,30,yes
PLEKHA6,1.541953033,1409.746726,4.005545656,6.18745E-05,0.000783331,30,yes
YWHAG,1.541827298,4515.291047,4.119941402,3.78969E-05,0.000492626,30,yes
LIN52,1.536610472,681.078763,4.052275705,5.07218E-05,0.00064891,30,yes
LCP1,1.536494427,255.1425059,3.216969419,0.001295524,0.014065276,30,yes
ENSSSCG00000006703,-1.534744169,2749.544084,-4.744092145,2.09444E-06,3.14684E-05,30,yes
COL12A1,1.534094732,659.4137395,3.789626511,0.000150874,0.001835066,30,yes
PPARD,1.533107863,260.010316,3.255632754,0.0011314,0.01239432,30,yes
CNOT4,1.531251254,623.6638216,4.277006844,1.89423E-05,0.000254176,30,yes
FYN,-1.530975511,262.9522079,-3.410795567,0.000647736,0.007254149,30,yes
VGLL3,-1.530768758,352.0961929,-3.760342368,0.000169681,0.002053521,30,yes
LRCH1,1.530176714,374.1292939,2.875345128,0.004035861,0.04046701,30,yes
TBPL1,1.530143928,229.3667333,3.417064607,0.000633003,0.007105539,30,yes
TMEM185B,1.528938789,1315.12701,5.577664068,2.4377E-08,4.31233E-07,30,yes
HAX1,1.527518351,298.7074365,3.539361552,0.000401096,0.004608965,30,yes
TRIM2,-1.527031747,686.5808887,-4.664979674,3.08648E-06,4.51618E-05,30,yes
IGFBP6,-1.526656173,480.0144402,-3.8250654,0.000130737,0.001598157,30,yes
LRRC31,1.526258615,192.2275661,3.025140566,0.002485176,0.025825608,30,yes
ERAP1,1.525529623,1750.16648,5.812722248,6.1465E-09,1.13706E-07,30,yes
ANXA13,-1.524296989,8958.144574,-5.871935987,4.30735E-09,8.02954E-08,30,yes
PHC2,1.523352227,4657.0559,6.201161592,5.60479E-10,1.09237E-08,30,yes
FZD5,1.522160563,1845.283525,4.404372637,1.0609E-05,0.000146683,30,yes
UPK1B,1.521513434,665.335485,4.54339509,5.53554E-06,7.8703E-05,30,yes
TMEM102,-1.520768415,189.5234793,-2.966933921,0.003007856,0.030860729,30,yes
PHC3,1.518444133,2013.797986,4.402011542,1.07252E-05,0.000148148,30,yes
XKR9,1.51634493,287.2840455,2.861359079,0.00421829,0.042180002,30,yes
IFT46,-1.515299538,418.5304514,-3.733016947,0.0001892,0.002274617,30,yes
STK10,1.514794225,1739.819452,5.242736536,1.58212E-07,2.61454E-06,30,yes
ODF2L,1.5146663,553.7493096,4.396705342,1.09906E-05,0.000151384,30,yes
TPBG,1.512527412,1608.361687,4.718568347,2.3751E-06,3.54658E-05,30,yes
DNAJC3,1.51062671,985.996243,4.886126971,1.02839E-06,1.5945E-05,30,yes
GALC,-1.510552683,227.7319818,-3.058646844,0.002223391,0.02325456,30,yes
TMEM123,1.509158032,8255.071134,5.496430624,3.87555E-08,6.74124E-07,30,yes
SNX25,1.508525398,665.1689038,4.675598254,2.93098E-06,4.30597E-05,30,yes
ATF5,1.507813921,243.4743097,2.805947918,0.00501688,0.049512309,30,yes
R3HCC1L,1.507660765,2054.250213,5.178925532,2.23168E-07,3.65067E-06,30,yes
DNM3,-1.507461706,302.4362957,-3.221752627,0.001274091,0.01385324,30,yes
CPEB2,1.507371955,2219.756617,4.179922695,2.91608E-05,0.000383516,30,yes
AMOTL2,1.506630251,2547.404359,4.135692105,3.53886E-05,0.000462498,30,yes
AVL9,-1.505422351,2080.998192,-5.574480989,2.48269E-08,4.37597E-07,30,yes
C9orf72,1.504618051,1424.607768,4.605170097,4.12129E-06,5.95256E-05,30,yes
METTL1,1.504611916,996.4493185,4.975287092,6.5151E-07,1.02878E-05,30,yes
ENSSSCG00000004024,1.504265828,837.2143216,4.642754788,3.43794E-06,5.0003E-05,30,yes
YPEL2,1.503456438,3733.72834,5.25839494,1.45318E-07,2.41264E-06,30,yes
ETS2,-1.503233074,525.9424796,-3.332750583,0.00085992,0.009506131,30,yes
FAM102B,-1.503000186,9292.599035,-5.782137227,7.37575E-09,1.35757E-07,30,yes
MAP2K3,1.500586467,895.2154359,3.686590597,0.000227279,0.002710031,30,yes
FBXO2,-1.499551398,1605.441171,-5.208852108,1.90012E-07,3.11882E-06,30,yes
ETV1,1.4992148,1378.71295,4.694746323,2.66938E-06,3.94553E-05,30,yes
B4GALT6,1.498991262,1810.449571,4.904608986,9.36136E-07,1.45923E-05,30,yes
RRP9,1.497525224,419.8795817,3.846517007,0.000119809,0.001473223,30,yes
AXL,1.497349795,3338.966955,5.393436564,6.91227E-08,1.17841E-06,30,yes
TMEM139,-1.494512887,561.9687659,-4.011370265,6.03673E-05,0.00076625,30,yes
DRAXIN,-1.492257223,1329.315002,-5.159247643,2.47944E-07,4.04235E-06,30,yes
GRIP2,-1.491731547,970.5951132,-4.581168723,4.62385E-06,6.61933E-05,30,yes
CNEP1R1,1.491389953,999.806874,4.530312833,5.88964E-06,8.35744E-05,30,yes
LDLR,1.489410097,9436.240801,3.830879703,0.000127686,0.001567436,30,yes
DUSP1,1.488483,3575.453358,5.536620687,3.08363E-08,5.38951E-07,30,yes
GDPD5,1.487710196,664.3535377,3.65990558,0.000252308,0.002984042,30,yes
ANKRD52,1.486922155,342.3869804,3.102852707,0.00191665,0.020264712,30,yes
GAS2L3,-1.486193677,356.7341389,-3.513986268,0.000441436,0.005036725,30,yes
IKBKE,1.486080086,1069.662553,4.868859506,1.12244E-06,1.73478E-05,30,yes
PTGR1,-1.485868612,599.4358742,-4.017827046,5.87373E-05,0.00074621,30,yes
TAB2,1.482621787,1323.959112,4.746590936,2.06874E-06,3.11144E-05,30,yes
ENSSSCG00000002825,-1.482380648,431.4534295,-3.255212153,0.001133077,0.012403358,30,yes
ENSSSCG00000011240,1.482198159,3552.745986,5.460962331,4.73561E-08,8.15925E-07,30,yes
HEBP1,-1.481704204,572.2596779,-3.852390386,0.00011697,0.001440754,30,yes
ZNF608,1.480693764,1349.922554,4.439292903,9.02549E-06,0.000125985,30,yes
C3orf58,-1.479900335,391.0732623,-3.577123513,0.000347396,0.004032279,30,yes
SHISA5,1.479663675,2748.386518,4.497106418,6.88845E-06,9.70852E-05,30,yes
SIX1,1.479627453,1031.455173,4.778510526,1.76599E-06,2.67544E-05,30,yes
STK40,1.479273675,417.125554,2.995450637,0.002740397,0.028296052,30,yes
OGFOD3,-1.479132257,310.3418421,-3.247345773,0.001164868,0.012741781,30,yes
M6PR,1.478677258,4442.14101,4.670605976,3.00312E-06,4.40751E-05,30,yes
FIBIN,-1.477884447,653.063631,-3.870092928,0.000108794,0.001345735,30,yes
CMTM6,1.477465811,923.8761315,4.706413344,2.52113E-06,3.7416E-05,30,yes
MLXIP,1.475691108,356.4909596,2.941777444,0.003263344,0.033131814,30,yes
ENSSSCG00000038757,-1.473681574,731.6375279,-4.159088998,3.19519E-05,0.000418711,30,yes
ABCD3,-1.473667669,1057.64875,-4.631601061,3.62849E-06,5.26167E-05,30,yes
AVPI1,1.470591723,1676.292141,5.048642691,4.4496E-07,7.07997E-06,30,yes
DNPEP,1.469934154,1201.524291,4.552444716,5.30261E-06,7.5465E-05,30,yes
DNAJA1,1.468913499,993.5767087,4.081171887,4.48092E-05,0.000578862,30,yes
AEN,1.468731517,3743.378233,5.163822071,2.41958E-07,3.95361E-06,30,yes
NUCKS1,-1.46863181,9237.696514,-5.76675499,8.08124E-09,1.47993E-07,30,yes
INPP4A,-1.467808314,436.3322755,-3.729839303,0.000191602,0.002299697,30,yes
TAF4B,1.466502309,1248.781981,4.600254214,4.21976E-06,6.08874E-05,30,yes
ENSSSCG00000011664,-1.465275732,298.4325984,-3.192170961,0.001412077,0.015205942,30,yes
LCOR,1.465177016,8153.902196,4.135077065,3.54836E-05,0.000463323,30,yes
MBNL2,1.464541161,4158.725697,5.190034537,2.10255E-07,3.44719E-06,30,yes
ADAMTS9,1.46315516,1699.493645,3.222336119,0.001271499,0.013835389,30,yes
TTF2,1.462941148,4049.66361,5.564771326,2.62496E-08,4.60999E-07,30,yes
ITGA5,1.462144716,3277.231581,4.853048251,1.21578E-06,1.87109E-05,30,yes
ABCC5,-1.460066004,628.7262191,-3.831458944,0.000127386,0.00156507,30,yes
EMILIN2,-1.459768616,4841.284659,-5.325405315,1.00728E-07,1.69418E-06,30,yes
WDR19,-1.459727584,235.0000106,-2.995652035,0.002738587,0.028296052,30,yes
CDK17,1.458628169,201.3957095,2.85160791,0.004349872,0.043436067,30,yes
RALGAPA2,-1.457608956,540.1897446,-2.868235355,0.004127684,0.041330774,30,yes
TCAF1,1.456730954,2900.408712,5.068944691,4.00027E-07,6.40706E-06,30,yes
SAT1,1.455065363,9206.067873,4.739151372,2.14615E-06,3.21459E-05,30,yes
EPDR1,-1.454813143,306.652251,-3.005478337,0.002651635,0.027457434,30,yes
MARVELD2,-1.454713752,6405.422238,-5.446996407,5.12275E-08,8.80544E-07,30,yes
PPP1R3G,-1.45398338,1059.559188,-4.583900912,4.56381E-06,6.53981E-05,30,yes
HSPA4L,-1.453794164,4367.866367,-4.355168382,1.32965E-05,0.000181258,30,yes
RCAN3,-1.453637857,234.1784074,-2.931769548,0.003370367,0.034099499,30,yes
ASPHD2,1.45340421,280.410254,2.953650322,0.003140396,0.032062432,30,yes
INTS10,1.453106658,1059.237587,4.270986222,1.9461E-05,0.000260656,30,yes
WWC2,1.452735264,3036.475046,5.270979581,1.35698E-07,2.26044E-06,30,yes
PPIF,1.45155284,1439.073419,4.358005888,1.31253E-05,0.000179092,30,yes
HSDL1,-1.451430947,671.348118,-3.990157613,6.60294E-05,0.000832313,30,yes
EREG,1.450111537,6307.153968,4.680493112,2.86186E-06,4.20866E-05,30,yes
GPR160,-1.449714596,298.1870582,-3.058894784,0.002221552,0.023252027,30,yes
MYD88,1.446153653,1402.420522,3.332865482,0.000859565,0.009506131,30,yes
ENSSSCG00000037185,-1.443772427,682.4852651,-4.059650275,4.91463E-05,0.000630415,30,yes
CWC22,1.438531521,1518.237752,4.56068203,5.09877E-06,7.27062E-05,30,yes
DMD,1.438429812,750.0136897,4.007616,6.13347E-05,0.000777174,30,yes
PIGY,-1.437539418,324.7169809,-3.134422662,0.001721926,0.018325677,30,yes
ENSSSCG00000003768,1.435040079,737.5789404,3.433619398,0.00059558,0.006700964,30,yes
ENSSSCG00000002003,1.434627706,1483.909048,4.702900236,2.56492E-06,3.80271E-05,30,yes
ANKFY1,1.433948762,3959.167038,4.938856642,7.8582E-07,1.23417E-05,30,yes
RBCK1,1.432116084,1440.057771,4.477309806,7.55895E-06,0.000106227,30,yes
ENSSSCG00000024692,1.430291673,3700.652138,4.431798734,9.34502E-06,0.000130071,30,yes
MTSS1,-1.428138692,1620.859276,-3.674857228,0.000237982,0.002833023,30,yes
FLRT3,1.427779428,10540.82934,4.119943774,3.78965E-05,0.000492626,30,yes
CASP10,1.424011865,6097.703654,4.742140362,2.11472E-06,3.17404E-05,30,yes
FADS1,-1.421527684,3113.005872,-4.780018829,1.75279E-06,2.65821E-05,30,yes
CREB1,1.420998932,2870.064417,4.367087828,1.25914E-05,0.000172292,30,yes
ANKRD22,-1.420965629,521.0618973,-2.979260882,0.002889447,0.029708653,30,yes
SERPINB5,-1.420099415,2419.54565,-3.827960798,0.000129209,0.001584801,30,yes
ARHGEF37,-1.418336849,374.2471683,-3.032605213,0.002424526,0.025231357,30,yes
RASA3,-1.417885557,789.8144553,-4.003622323,6.23799E-05,0.000789044,30,yes
IVD,-1.417694386,380.3146196,-2.988145261,0.002806761,0.028919771,30,yes
ALDOC,-1.417632592,838.9238753,-3.628100572,0.000285514,0.003349556,30,yes
PINK1,-1.415505607,809.2307115,-3.576980269,0.000347586,0.004032279,30,yes
PDLIM5,1.412450323,4014.776631,4.800238229,1.58477E-06,2.41094E-05,30,yes
GCC1,1.411702736,1078.460259,4.029863343,5.58093E-05,0.000711495,30,yes
IFRD1,1.409789886,1953.031865,4.412978603,1.01958E-05,0.000141372,30,yes
MED13L,1.40513364,4240.302761,3.927629336,8.57873E-05,0.001074851,30,yes
NAMPT,1.404966741,6155.139134,4.50890294,6.51637E-06,9.22878E-05,30,yes
ARAP2,1.403922997,3630.193903,4.241741593,2.21792E-05,0.000294355,30,yes
SECISBP2,1.398566791,1249.100542,3.993047337,6.52295E-05,0.000823657,30,yes
SCD,-1.397566465,11460.92464,-4.438350754,9.06508E-06,0.000126416,30,yes
SPTSSA,-1.397100831,832.820154,-3.667510084,0.000244924,0.002903784,30,yes
SLC25A16,-1.396497963,680.8396937,-2.956332629,0.003113211,0.031829526,30,yes
PVR,1.395825112,2941.059171,4.368168949,1.25293E-05,0.000171764,30,yes
ISYNA1,-1.395577378,388.0797207,-3.043781108,0.002336251,0.024364952,30,yes
IRX5,-1.395488855,425.5276964,-3.150378467,0.001630591,0.017417294,30,yes
PHKG2,1.395009211,368.7463098,3.057863449,0.002229211,0.023298699,30,yes
DHX9,1.392174712,4723.64005,4.0726653,4.64782E-05,0.000598836,30,yes
CAV2,-1.391995065,6100.943787,-3.386339115,0.000708318,0.007896172,30,yes
CDK6,1.390889428,4522.660818,3.064989383,0.002176777,0.022832637,30,yes
TRIP10,1.389313988,302.61403,2.851341261,0.004353522,0.043442716,30,yes
C6orf222,-1.389248808,378.7833462,-2.934394499,0.003341991,0.03383592,30,yes
BBS2,-1.387787631,399.195799,-2.953346099,0.003143493,0.03207156,30,yes
SLC44A1,-1.386323123,5006.954194,-4.331291762,1.48237E-05,0.000201511,30,yes
TBC1D30,-1.385787814,1075.358394,-3.534895792,0.000407936,0.004676488,30,yes
MICU3,-1.382567786,1936.557583,-3.130942542,0.001742462,0.018503655,30,yes
ORC2,1.381173881,2487.994764,3.90111533,9.57505E-05,0.001192499,30,yes
TMBIM1,1.37990499,2897.029556,4.316331787,1.58643E-05,0.000214855,30,yes
ADGRG2,-1.379646237,998.5398668,-3.206999363,0.001341273,0.014497099,30,yes
CLCF1,1.379005537,550.3858941,3.062831295,0.002192536,0.022964846,30,yes
ANKRD17,1.378651126,3261.769529,4.336008312,1.45093E-05,0.000197422,30,yes
FRYL,1.37508885,1202.529918,3.786970412,0.000152495,0.001850149,30,yes
CAB39L,1.374306891,1124.414907,2.918478035,0.003517447,0.035514071,30,yes
EPHA2,1.373123258,4408.221169,3.288653949,0.001006677,0.011069647,30,yes
ACAT1,-1.372611235,887.5723164,-3.154945913,0.001605279,0.017159509,30,yes
SMAD1,1.370984477,863.8163925,3.496746435,0.000470969,0.005340219,30,yes
RIPK1,1.369905468,1193.167908,3.673423577,0.000239322,0.002844321,30,yes
CNDP2,1.36899596,5480.670616,4.20457472,2.61574E-05,0.000345576,30,yes
SPATS2L,1.366016359,1867.556069,3.825708259,0.000130397,0.001595332,30,yes
TGM2,1.364637228,3525.326629,2.848140664,0.004397548,0.043821975,30,yes
ENSSSCG00000029066,-1.360618107,1215.918123,-3.650542884,0.000261687,0.003079948,30,yes
RAB11FIP5,1.35924216,957.8525792,2.934908457,0.003336461,0.033803435,30,yes
CDH2,1.358058949,661.8542944,2.9517523,0.003159763,0.032214978,30,yes
C11orf74,1.357647495,847.9843358,3.099937954,0.001935612,0.020450343,30,yes
ENSSSCG00000032469,1.357553055,2074.469043,3.914911172,9.04375E-05,0.001131168,30,yes
TFB2M,1.35587738,566.7029597,2.918473247,0.003517501,0.035514071,30,yes
PLCB3,1.355025703,1614.912914,3.501112581,0.00046332,0.005274024,30,yes
DAPP1,1.352584545,1084.915079,3.458400954,0.000543392,0.006137505,30,yes
FGFR1OP2,1.352241248,2104.691027,2.980158948,0.002880988,0.029642623,30,yes
NKRF,1.35181123,978.880631,3.017669464,0.002547266,0.026451956,30,yes
KIF21A,-1.351696792,446.9390978,-2.824485154,0.004735664,0.047030379,30,yes
RASSF8,1.345194107,1570.568997,3.395673081,0.000684601,0.007655224,30,yes
ZNF710,1.344999835,1032.490757,2.935011354,0.003335355,0.033803435,30,yes
MGAT4C,-1.343633751,1961.770715,-3.395240411,0.000685684,0.007661449,30,yes
ROBO1,-1.343014304,2520.18971,-3.634688066,0.000278317,0.003267758,30,yes
BAK1,1.340140235,1439.439052,3.373990893,0.000740868,0.008227536,30,yes
ARHGEF5,1.338994081,4485.880504,3.413695605,0.000640881,0.007188437,30,yes
CDC14B,-1.338678147,740.2564217,-3.193710062,0.001404571,0.015136307,30,yes
GNAZ,-1.336753603,903.7366439,-3.201192216,0.001368602,0.014781511,30,yes
NFE2L1,1.336288424,7588.37772,3.492814371,0.000477959,0.005411042,30,yes
PROS1,-1.336105659,985.6332551,-2.814090776,0.004891541,0.048446225,30,yes
SLC3A2,1.335296464,1885.081898,3.065307411,0.002174464,0.022824814,30,yes
C1orf21,-1.335198582,1154.677648,-3.240978338,0.001191202,0.013010289,30,yes
EHD4,1.33467671,7014.30633,3.537364461,0.000404142,0.004636641,30,yes
UBE2Z,1.333583899,1684.239189,3.343622646,0.000826921,0.009162213,30,yes
ZFP90,1.332138872,1096.929299,3.224472925,0.001262048,0.013742824,30,yes
ENSSSCG00000029347,1.3277179,1750.772177,3.03091525,0.002438137,0.02535488,30,yes
AACS,1.326833492,975.3839939,3.178512887,0.001480326,0.015882146,30,yes
RLF,1.326744387,3197.974337,3.043007423,0.002342266,0.024410196,30,yes
PRRG4,1.326374046,10547.44367,3.178669142,0.001479529,0.015882146,30,yes
ASPH,-1.32535493,1789.43805,-3.549080197,0.000386579,0.004456222,30,yes
WASHC4,1.324087769,2416.911257,3.499647214,0.000465874,0.005297417,30,yes
CEBPG,1.32382595,4283.209852,3.687748458,0.000226247,0.002699944,30,yes
STAT3,1.323785379,1536.648095,3.172752919,0.00151001,0.016188683,30,yes
MSRB1,1.319795725,1498.131161,3.156019043,0.001599384,0.017109063,30,yes
SLC39A10,-1.318979495,4080.972839,-3.225887163,0.001255829,0.013685335,30,yes
DST,1.318077967,4846.683097,2.845948453,0.004427936,0.044094612,30,yes
ARHGAP42,1.317801828,3956.896545,3.826674508,0.000129886,0.00159176,30,yes
UGDH,-1.313901876,2982.781499,-3.411153688,0.000646886,0.007250205,30,yes
QTRT2,1.313616444,1701.212656,3.113723588,0.001847425,0.019589699,30,yes
DCUN1D3,1.310811671,1016.083229,3.074307601,0.002109918,0.022179271,30,yes
TM4SF20,1.310481867,10498.38199,2.812722063,0.004912409,0.048619826,30,yes
DCAF5,1.309797132,2881.846978,3.636886703,0.000275953,0.003245237,30,yes
PPP1R15B,1.306205199,9497.089104,3.661526746,0.000250717,0.002967629,30,yes
N4BP2,-1.304231682,1670.78119,-3.188618878,0.001429542,0.015380802,30,yes
NNT,-1.30409246,1983.577447,-2.940479362,0.003277048,0.033247767,30,yes
ENSSSCG00000024009,1.303598619,1416.464687,2.843411621,0.004463339,0.044416778,30,yes
LIMA1,1.300018861,6100.214929,2.962066269,0.00305582,0.031286698,30,yes
BMF,-1.294270967,1644.449173,-3.113250419,0.001850389,0.019604048,30,yes
MARCH5,1.291690993,5444.05919,3.273479838,0.00106232,0.011655096,30,yes
ANKRD49,1.284120819,1722.73661,3.131522785,0.001739023,0.018494109,30,yes
UMPS,1.281076711,2707.484109,2.994911399,0.002745246,0.028326033,30,yes
RRS1,1.279947861,1158.201276,2.819391208,0.004811484,0.047685768,30,yes
NIPA1,1.27324698,1950.314868,2.888520169,0.003870592,0.038863414,30,yes
ENSSSCG00000007395,1.269092116,2008.195635,2.977557927,0.002905547,0.029853115,30,yes
GIPC2,1.260573071,2529.548012,2.807969895,0.004985489,0.049309599,30,yes
